"Category","Product","Code","Photo option/model","Photo required","Suggested PNG filename"
"Agri Tools","Tata Agrico AG Series Powrah","HOE Series","Tata Agrico - HOE002 - Powrah - AG 3","YES - model/option PNG","tata-agrico-powrah-ag--hoe002-powrah-ag-3.png"
"Agri Tools","Tata Agrico AG Series Powrah","HOE Series","Tata Agrico - HOE003 - Powrah - AG 4","YES - model/option PNG","tata-agrico-powrah-ag--hoe003-powrah-ag-4.png"
"Agri Tools","Tata Agrico AG Series Powrah","HOE Series","Tata Agrico - HOE004 - Powrah - AG 5","YES - model/option PNG","tata-agrico-powrah-ag--hoe004-powrah-ag-5.png"
"Agri Tools","Tata Agrico AG Series Powrah","HOE Series","Tata Agrico - HOE005 - Powrah - AG 6","YES - model/option PNG","tata-agrico-powrah-ag--hoe005-powrah-ag-6.png"
"Agri Tools","Tata Agrico Axe","AXE Series","Tata Agrico - AXE001 - Axe - 0.9","YES - model/option PNG","tata-agrico-axe--axe001-axe-0-9.png"
"Agri Tools","Tata Agrico Axe","AXE Series","Tata Agrico - AXE003 - Axe - 1.4","YES - model/option PNG","tata-agrico-axe--axe003-axe-1-4.png"
"Agri Tools","Tata Agrico Axe","AXE Series","Tata Agrico - AXE006 - Axe - 0.5","YES - model/option PNG","tata-agrico-axe--axe006-axe-0-5.png"
"Agri Tools","Tata Agrico Chaff & Thresher Cutter","CFC Series","Tata Agrico - CFC001 - Chaff Cutter - CC1","YES - model/option PNG","tata-agrico-chaff-cutter--cfc001-chaff-cutter-cc1.png"
"Agri Tools","Tata Agrico Chaff & Thresher Cutter","CFC Series","Tata Agrico - CFC002 - Thresher Cutter - CC2","YES - model/option PNG","tata-agrico-chaff-cutter--cfc002-thresher-cutter-cc2.png"
"Agri Tools","Tata Agrico Chaff & Thresher Cutter","CFC Series","Tata Agrico - CFC003 - Chaff Cutter - CC3","YES - model/option PNG","tata-agrico-chaff-cutter--cfc003-chaff-cutter-cc3.png"
"Agri Tools","Tata Agrico Chisel","CHE Series","Tata Agrico - CHE001 - Chisel - 22mm (22X325)","YES - model/option PNG","tata-agrico-chisel--che001-chisel-22mm-22x325.png"
"Agri Tools","Tata Agrico Chisel","CHE Series","Tata Agrico - CHE002 - Chisel - 25mm (25X325)","YES - model/option PNG","tata-agrico-chisel--che002-chisel-25mm-25x325.png"
"Agri Tools","Tata Agrico Chisel","CHE Series","Tata Agrico - CHE003 - Chisel - 29mm (29X325)","YES - model/option PNG","tata-agrico-chisel--che003-chisel-29mm-29x325.png"
"Agri Tools","Tata Agrico Chisel","CHE Series","Tata Agrico - CHE004 - Chisel - 32mm","YES - model/option PNG","tata-agrico-chisel--che004-chisel-32mm.png"
"Agri Tools","Tata Agrico Chisel","CHE Series","Tata Agrico - CHE005 - Chisel - 22 mm with point end tip","YES - model/option PNG","tata-agrico-chisel--che005-chisel-22-mm-with-point-end-tip.png"
"Agri Tools","Tata Agrico Chisel","CHE Series","Tata Agrico - CHE007 - Chisel - 22 X 152 mm","YES - model/option PNG","tata-agrico-chisel--che007-chisel-22-x-152-mm.png"
"Agri Tools","Tata Agrico Chisel","CHE Series","Tata Agrico - CHE008 - Chisel - 22 x 228 mm","YES - model/option PNG","tata-agrico-chisel--che008-chisel-22-x-228-mm.png"
"Agri Tools","Tata Agrico Chisel","CHE Series","Tata Agrico - CHE009 - Chisel - 25 x 152 mm","YES - model/option PNG","tata-agrico-chisel--che009-chisel-25-x-152-mm.png"
"Agri Tools","Tata Agrico Chisel","CHE Series","Tata Agrico - CHE010 - Chisel - 25 x 228 mm","YES - model/option PNG","tata-agrico-chisel--che010-chisel-25-x-228-mm.png"
"Agri Tools","Tata Agrico Chisel","CHE Series","Tata Agrico - CHE011 - Chisel - 29 x 152 mm","YES - model/option PNG","tata-agrico-chisel--che011-chisel-29-x-152-mm.png"
"Agri Tools","Tata Agrico Chisel","CHE Series","Tata Agrico - CHE012 - Chisel - 29 x 228 mm","YES - model/option PNG","tata-agrico-chisel--che012-chisel-29-x-228-mm.png"
"Agri Tools","Tata Agrico Chisel","CHE Series","Tata Agrico - CHE013 - Chisel - 32 x 152 mm","YES - model/option PNG","tata-agrico-chisel--che013-chisel-32-x-152-mm.png"
"Agri Tools","Tata Agrico Chisel Point Pickaxe & Kudali","PKX Series","Tata Agrico - PKX003 - Kudali - 10 CP","YES - model/option PNG","tata-agrico-pickaxe-chisel-point--pkx003-kudali-10-cp.png"
"Agri Tools","Tata Agrico Chisel Point Pickaxe & Kudali","PKX Series","Tata Agrico - PKX005 - Kudali - 11 CP","YES - model/option PNG","tata-agrico-pickaxe-chisel-point--pkx005-kudali-11-cp.png"
"Agri Tools","Tata Agrico Chisel Point Pickaxe & Kudali","PKX Series","Tata Agrico - PKX007 - Kudali - 12 CP","YES - model/option PNG","tata-agrico-pickaxe-chisel-point--pkx007-kudali-12-cp.png"
"Agri Tools","Tata Agrico Chisel Point Pickaxe & Kudali","PKX Series","Tata Agrico - PKX009 - Kudali - 14 CP","YES - model/option PNG","tata-agrico-pickaxe-chisel-point--pkx009-kudali-14-cp.png"
"Agri Tools","Tata Agrico Chisel Point Pickaxe & Kudali","PKX Series","Tata Agrico - PKX013 - Kudali - 16 CP","YES - model/option PNG","tata-agrico-pickaxe-chisel-point--pkx013-kudali-16-cp.png"
"Agri Tools","Tata Agrico Chisel Point Pickaxe & Kudali","PKX Series","Tata Agrico - PKX016 - Kudali - 14 CP Super","YES - model/option PNG","tata-agrico-pickaxe-chisel-point--pkx016-kudali-14-cp-super.png"
"Agri Tools","Tata Agrico Chisel Point Pickaxe & Kudali","PKX Series","Tata Agrico - PKX018 - Pickaxe - 9 CP","YES - model/option PNG","tata-agrico-pickaxe-chisel-point--pkx018-pickaxe-9-cp.png"
"Agri Tools","Tata Agrico Chisel Point Pickaxe & Kudali","PKX Series","Tata Agrico - PKX021 - Pickaxe - Integrated 10 CP","YES - model/option PNG","tata-agrico-pickaxe-chisel-point--pkx021-pickaxe-integrated-10-cp.png"
"Agri Tools","Tata Agrico Crowbar","CWB Series","Tata Agrico - CWB001 - Crow Bar - 22 (22X1650)","YES - model/option PNG","tata-agrico-crowbar--cwb001-crow-bar-22-22x1650.png"
"Agri Tools","Tata Agrico Crowbar","CWB Series","Tata Agrico - CWB002 - Crow Bar - 25 (25X1650)","YES - model/option PNG","tata-agrico-crowbar--cwb002-crow-bar-25-25x1650.png"
"Agri Tools","Tata Agrico Crowbar","CWB Series","Tata Agrico - CWB003 - Crow Bar - 29 (29X1650)","YES - model/option PNG","tata-agrico-crowbar--cwb003-crow-bar-29-29x1650.png"
"Agri Tools","Tata Agrico Crowbar","CWB Series","Tata Agrico - CWB004 - Crow Bar - 32 (32X1650)","YES - model/option PNG","tata-agrico-crowbar--cwb004-crow-bar-32-32x1650.png"
"Agri Tools","Tata Agrico Crowbar","CWB Series","Tata Agrico - CWB014 - Crow Bar - 22 (22X1220) - 4 FT","YES - model/option PNG","tata-agrico-crowbar--cwb014-crow-bar-22-22x1220-4-ft.png"
"Agri Tools","Tata Agrico Crowbar","CWB Series","Tata Agrico - CWB015 - Crow Bar - 25 (25X1220) - 4 FT","YES - model/option PNG","tata-agrico-crowbar--cwb015-crow-bar-25-25x1220-4-ft.png"
"Agri Tools","Tata Agrico Crowbar","CWB Series","Tata Agrico - CWB016 - Crow Bar - 29 (29X1220) - 4 FT","YES - model/option PNG","tata-agrico-crowbar--cwb016-crow-bar-29-29x1220-4-ft.png"
"Agri Tools","Tata Agrico Crowbar","CWB Series","Tata Agrico - CWB018 - Crow Bar - 32 (32x1220) - 4 FT","YES - model/option PNG","tata-agrico-crowbar--cwb018-crow-bar-32-32x1220-4-ft.png"
"Agri Tools","Tata Agrico Crowbar","CWB Series","Tata Agrico - CWB019 - Sri Lanka - 25 mm- 4 Ft","YES - model/option PNG","tata-agrico-crowbar--cwb019-sri-lanka-25-mm-4-ft.png"
"Agri Tools","Tata Agrico Crowbar","CWB Series","Tata Agrico - CWB022 - Crow Bar - 22 (22X825) - 3 Ft","YES - model/option PNG","tata-agrico-crowbar--cwb022-crow-bar-22-22x825-3-ft.png"
"Agri Tools","Tata Agrico Crowbar","CWB Series","Tata Agrico - CWB023 - Crow Bar - 25 (25X825) - 3 Ft","YES - model/option PNG","tata-agrico-crowbar--cwb023-crow-bar-25-25x825-3-ft.png"
"Agri Tools","Tata Agrico Crowbar","CWB Series","Tata Agrico - CWB024 - Crow Bar - 29 (29X825) - 3 Ft","YES - model/option PNG","tata-agrico-crowbar--cwb024-crow-bar-29-29x825-3-ft.png"
"Agri Tools","Tata Agrico Crowbar","CWB Series","Tata Agrico - CWB025 - Crow Bar - 32 (32X825) - 3 Ft","YES - model/option PNG","tata-agrico-crowbar--cwb025-crow-bar-32-32x825-3-ft.png"
"Agri Tools","Tata Agrico Crowbar","CWB Series","Tata Agrico - CWB027 - Scoop Crowbar - 25 mm","YES - model/option PNG","tata-agrico-crowbar--cwb027-scoop-crowbar-25-mm.png"
"Agri Tools","Tata Agrico Crowbar","CWB Series","Tata Agrico - CWB028 - CB - 25(25X1650) with longer chiesel end","YES - model/option PNG","tata-agrico-crowbar--cwb028-cb-25-25x1650-with-longer-chiesel-end.png"
"Agri Tools","Tata Agrico Crowbar","CWB Series","Tata Agrico - CWB030 - Crow Bar - 23 (23X1500)","YES - model/option PNG","tata-agrico-crowbar--cwb030-crow-bar-23-23x1500.png"
"Agri Tools","Tata Agrico Cultivator & Tiller Shoe","TLS Series","Tata Agrico - TLS001 - Cultivator - 6 CS3","YES - model/option PNG","tata-agrico-cultivator-tiller-shoe--tls001-cultivator-6-cs3.png"
"Agri Tools","Tata Agrico Cultivator & Tiller Shoe","TLS Series","Tata Agrico - TLS002 - Cultivator - 8 CS3","YES - model/option PNG","tata-agrico-cultivator-tiller-shoe--tls002-cultivator-8-cs3.png"
"Agri Tools","Tata Agrico Cultivator & Tiller Shoe","TLS Series","Tata Agrico - TLS003 - Cultivator - 8 CS2","YES - model/option PNG","tata-agrico-cultivator-tiller-shoe--tls003-cultivator-8-cs2.png"
"Agri Tools","Tata Agrico Cultivator & Tiller Shoe","TLS Series","Tata Agrico - TLS004 - Cultivator - 12 CS3","YES - model/option PNG","tata-agrico-cultivator-tiller-shoe--tls004-cultivator-12-cs3.png"
"Agri Tools","Tata Agrico Cultivator & Tiller Shoe","TLS Series","Tata Agrico - TLS006 - Cultivator - 8 CS3 (L)","YES - model/option PNG","tata-agrico-cultivator-tiller-shoe--tls006-cultivator-8-cs3-l.png"
"Agri Tools","Tata Agrico Cultivator & Tiller Shoe","TLS Series","Tata Agrico - TLS007 - Cultivator - 8 CS4 (L)","YES - model/option PNG","tata-agrico-cultivator-tiller-shoe--tls007-cultivator-8-cs4-l.png"
"Agri Tools","Tata Agrico Cultivator & Tiller Shoe","TLS Series","Tata Agrico - TLS010 - Cultivator - 8 CS3 - TRD","YES - model/option PNG","tata-agrico-cultivator-tiller-shoe--tls010-cultivator-8-cs3-trd.png"
"Agri Tools","Tata Agrico Cultivator & Tiller Shoe","TLS Series","Tata Agrico - TLS011 - Cultivator - 8 CS3L - TRD","YES - model/option PNG","tata-agrico-cultivator-tiller-shoe--tls011-cultivator-8-cs3l-trd.png"
"Agri Tools","Tata Agrico Cultivator & Tiller Shoe","TLS Series","Tata Agrico - TLS012 - Cultivator - 8 CS4L - TRD","YES - model/option PNG","tata-agrico-cultivator-tiller-shoe--tls012-cultivator-8-cs4l-trd.png"
"Agri Tools","Tata Agrico Cultivator & Tiller Shoe","TLS Series","Tata Agrico - TLS013 - Cultivator - 15 CS3","YES - model/option PNG","tata-agrico-cultivator-tiller-shoe--tls013-cultivator-15-cs3.png"
"Agri Tools","Tata Agrico Cultivator & Tiller Shoe","TLS Series","Tata Agrico - TLS014 - Cultivator - 15 CS3","YES - model/option PNG","tata-agrico-cultivator-tiller-shoe--tls014-cultivator-15-cs3.png"
"Agri Tools","Tata Agrico Cultivator & Tiller Shoe","TLS Series","Tata Agrico - TLS015 - Cultivator - 14 CS3 (2.15 kg)","YES - model/option PNG","tata-agrico-cultivator-tiller-shoe--tls015-cultivator-14-cs3-2-15-kg.png"
"Agri Tools","Tata Agrico Cultivator & Tiller Shoe","TLS Series","Tata Agrico - TLS016 - Cultivator - 8CS3, 10kg-set","YES - model/option PNG","tata-agrico-cultivator-tiller-shoe--tls016-cultivator-8cs3-10kg-set.png"
"Agri Tools","Tata Agrico Double Face Sledge Hammer","HMR Series","Tata Agrico - HMR001 - Hammer - DFS-16","YES - model/option PNG","tata-agrico-hammer-double-face-sledge--hmr001-hammer-dfs-16.png"
"Agri Tools","Tata Agrico Double Face Sledge Hammer","HMR Series","Tata Agrico - HMR002 - Hammer - DFS-14","YES - model/option PNG","tata-agrico-hammer-double-face-sledge--hmr002-hammer-dfs-14.png"
"Agri Tools","Tata Agrico Double Face Sledge Hammer","HMR Series","Tata Agrico - HMR003 - Hammer - DFS-12","YES - model/option PNG","tata-agrico-hammer-double-face-sledge--hmr003-hammer-dfs-12.png"
"Agri Tools","Tata Agrico Double Face Sledge Hammer","HMR Series","Tata Agrico - HMR004 - Hammer - DFS-10","YES - model/option PNG","tata-agrico-hammer-double-face-sledge--hmr004-hammer-dfs-10.png"
"Agri Tools","Tata Agrico Double Face Sledge Hammer","HMR Series","Tata Agrico - HMR005 - Hammer - DFS-8","YES - model/option PNG","tata-agrico-hammer-double-face-sledge--hmr005-hammer-dfs-8.png"
"Agri Tools","Tata Agrico Double Face Sledge Hammer","HMR Series","Tata Agrico - HMR006 - Hammer - DFS-6","YES - model/option PNG","tata-agrico-hammer-double-face-sledge--hmr006-hammer-dfs-6.png"
"Agri Tools","Tata Agrico Double Face Sledge Hammer","HMR Series","Tata Agrico - HMR007 - Hammer - DFS-5","YES - model/option PNG","tata-agrico-hammer-double-face-sledge--hmr007-hammer-dfs-5.png"
"Agri Tools","Tata Agrico Double Face Sledge Hammer","HMR Series","Tata Agrico - HMR008 - Hammer - DFS-4","YES - model/option PNG","tata-agrico-hammer-double-face-sledge--hmr008-hammer-dfs-4.png"
"Agri Tools","Tata Agrico Double Face Sledge Hammer","HMR Series","Tata Agrico - HMR009 - Hammer - DFS-3","YES - model/option PNG","tata-agrico-hammer-double-face-sledge--hmr009-hammer-dfs-3.png"
"Agri Tools","Tata Agrico Double Face Sledge Hammer","HMR Series","Tata Agrico - HMR010 - Hammer - DFS-2.5","YES - model/option PNG","tata-agrico-hammer-double-face-sledge--hmr010-hammer-dfs-2-5.png"
"Agri Tools","Tata Agrico Double Face Sledge Hammer","HMR Series","Tata Agrico - HMR011 - Hammer - DFS-2","YES - model/option PNG","tata-agrico-hammer-double-face-sledge--hmr011-hammer-dfs-2.png"
"Agri Tools","Tata Agrico Double Face Sledge Hammer","HMR Series","Tata Agrico - HMR012 - Hammer - DFS-1.5","YES - model/option PNG","tata-agrico-hammer-double-face-sledge--hmr012-hammer-dfs-1-5.png"
"Agri Tools","Tata Agrico Double Face Sledge Hammer","HMR Series","Tata Agrico - HMR013 - Hammer - DFS-1","YES - model/option PNG","tata-agrico-hammer-double-face-sledge--hmr013-hammer-dfs-1.png"
"Agri Tools","Tata Agrico Double Face Sledge Hammer","HMR Series","Tata Agrico - HMR014 - Hammer - SB-1","YES - model/option PNG","tata-agrico-hammer-double-face-sledge--hmr014-hammer-sb-1.png"
"Agri Tools","Tata Agrico Double Face Sledge Hammer","HMR Series","Tata Agrico - HMR020 - Hammer - DFS-18","YES - model/option PNG","tata-agrico-hammer-double-face-sledge--hmr020-hammer-dfs-18.png"
"Agri Tools","Tata Agrico Double Face Sledge Hammer","HMR Series","Tata Agrico - HMR021 - Hammer - DFS-20","YES - model/option PNG","tata-agrico-hammer-double-face-sledge--hmr021-hammer-dfs-20.png"
"Agri Tools","Tata Agrico Double Face Sledge Hammer","HMR Series","Tata Agrico - HMR050 - Hammer - DFS-2 with handle","YES - model/option PNG","tata-agrico-hammer-double-face-sledge--hmr050-hammer-dfs-2-with-handle.png"
"Agri Tools","Tata Agrico Double Point Kudali","PKX Series","Tata Agrico - PKX001 - Kudali - 11 DP","YES - model/option PNG","tata-agrico-pickaxe-double-point--pkx001-kudali-11-dp.png"
"Agri Tools","Tata Agrico Double Point Kudali","PKX Series","Tata Agrico - PKX002 - Kudali - 12 DP","YES - model/option PNG","tata-agrico-pickaxe-double-point--pkx002-kudali-12-dp.png"
"Agri Tools","Tata Agrico Double Point Kudali","PKX Series","Tata Agrico - PKX004 - Kudali - 14 DP","YES - model/option PNG","tata-agrico-pickaxe-double-point--pkx004-kudali-14-dp.png"
"Agri Tools","Tata Agrico Double Point Kudali","PKX Series","Tata Agrico - PKX006 - Kudali - 8 DP","YES - model/option PNG","tata-agrico-pickaxe-double-point--pkx006-kudali-8-dp.png"
"Agri Tools","Tata Agrico Double Point Kudali","PKX Series","Tata Agrico - PKX008 - Kudali - 10 DP","YES - model/option PNG","tata-agrico-pickaxe-double-point--pkx008-kudali-10-dp.png"
"Agri Tools","Tata Agrico Integrated Powrah","HOE Series","Tata Agrico - HOE068 - Powrah - Integrated AG 3","YES - model/option PNG","tata-agrico-powrah-integrated--hoe068-powrah-integrated-ag-3.png"
"Agri Tools","Tata Agrico Integrated Powrah","HOE Series","Tata Agrico - HOE069 - Powrah - Integrated AG6","YES - model/option PNG","tata-agrico-powrah-integrated--hoe069-powrah-integrated-ag6.png"
"Agri Tools","Tata Agrico Integrated Powrah","HOE Series","Tata Agrico - HOE072 - Powrah - Integrated Nepal AG 6","YES - model/option PNG","tata-agrico-powrah-integrated--hoe072-powrah-integrated-nepal-ag-6.png"
"Agri Tools","Tata Agrico Integrated Powrah","HOE Series","Tata Agrico - HOE074 - Powrah - Integrated AG 4","YES - model/option PNG","tata-agrico-powrah-integrated--hoe074-powrah-integrated-ag-4.png"
"Agri Tools","Tata Agrico Integrated Powrah","HOE Series","Tata Agrico - HOE075 - Integrated Powrah - East India 1.6","YES - model/option PNG","tata-agrico-powrah-integrated--hoe075-integrated-powrah-east-india-1-6.png"
"Agri Tools","Tata Agrico Integrated Powrah","HOE Series","Tata Agrico - HOE076 - Integrated Powrah - West India 3'","YES - model/option PNG","tata-agrico-powrah-integrated--hoe076-integrated-powrah-west-india-3.png"
"Agri Tools","Tata Agrico Integrated Powrah","HOE Series","Tata Agrico - HOE081 - Powrah - Integrated Agrilite","YES - model/option PNG","tata-agrico-powrah-integrated--hoe081-powrah-integrated-agrilite.png"
"Agri Tools","Tata Agrico Integrated Powrah","HOE Series","Tata Agrico - HOE083 - Powrah - Integrated West India 4'","YES - model/option PNG","tata-agrico-powrah-integrated--hoe083-powrah-integrated-west-india-4.png"
"Agri Tools","Tata Agrico Integrated Powrah","HOE Series","Tata Agrico - HOE084 - Powrah - Integrated AG3 Burmese","YES - model/option PNG","tata-agrico-powrah-integrated--hoe084-powrah-integrated-ag3-burmese.png"
"Agri Tools","Tata Agrico Integrated Powrah","HOE Series","Tata Agrico - HOE085 - Powrah - Integrated Potato Hoe (0.85KG) - 3'","YES - model/option PNG","tata-agrico-powrah-integrated--hoe085-powrah-integrated-potato-hoe-0-85kg-3.png"
"Agri Tools","Tata Agrico Integrated Powrah","HOE Series","Tata Agrico - HOE086 - Powrah - Integrated Potato Hoe (0.85KG) - 4'","YES - model/option PNG","tata-agrico-powrah-integrated--hoe086-powrah-integrated-potato-hoe-0-85kg-4.png"
"Agri Tools","Tata Agrico Integrated Powrah","HOE Series","Tata Agrico - HOE088 - Powrah - Integrated Agrilite New","YES - model/option PNG","tata-agrico-powrah-integrated--hoe088-powrah-integrated-agrilite-new.png"
"Agri Tools","Tata Agrico Integrated Shovel","SVL Series","Tata Agrico - SVL030 - Shovel - SQ 4 Integrated Steel (L)-Matt","YES - model/option PNG","tata-agrico-shovel-integrated--svl030-shovel-sq-4-integrated-steel-l-matt.png"
"Agri Tools","Tata Agrico Integrated Shovel","SVL Series","Tata Agrico - SVL031 - Shovel - SQ 4 Integrated Steel Bend (L)-Matt","YES - model/option PNG","tata-agrico-shovel-integrated--svl031-shovel-sq-4-integrated-steel-bend-l-matt.png"
"Agri Tools","Tata Agrico Integrated Shovel","SVL Series","Tata Agrico - SVL032 - Shovel - Integrated RD 4","YES - model/option PNG","tata-agrico-shovel-integrated--svl032-shovel-integrated-rd-4.png"
"Agri Tools","Tata Agrico Lightweight Shovel","SVL Series","Tata Agrico - SVL022 - Shovel - SQ 4-Light Weight Wooden","YES - model/option PNG","tata-agrico-shovel-lightweight--svl022-shovel-sq-4-light-weight-wooden.png"
"Agri Tools","Tata Agrico Lightweight Shovel","SVL Series","Tata Agrico - SVL023 - Shovel - SQ 4 -Steel Handle-Light weight","YES - model/option PNG","tata-agrico-shovel-lightweight--svl023-shovel-sq-4-steel-handle-light-weight.png"
"Agri Tools","Tata Agrico Lightweight Shovel","SVL Series","Tata Agrico - SVL025 - Shovel - RD 4 Light Wt (Steel Handle)","YES - model/option PNG","tata-agrico-shovel-lightweight--svl025-shovel-rd-4-light-wt-steel-handle.png"
"Agri Tools","Tata Agrico Lightweight Shovel","SVL Series","Tata Agrico - SVL026 - Shovel - RD 2 Steel Handle - Lightweight","YES - model/option PNG","tata-agrico-shovel-lightweight--svl026-shovel-rd-2-steel-handle-lightweight.png"
"Agri Tools","Tata Agrico Lightweight Shovel","SVL Series","Tata Agrico - SVL033 - Shovel - SQ 4 Light Wt Bend Shoulder","YES - model/option PNG","tata-agrico-shovel-lightweight--svl033-shovel-sq-4-light-wt-bend-shoulder.png"
"Agri Tools","Tata Agrico Lightweight Shovel","SVL Series","Tata Agrico - SVL037 - Shovel - SQ 4 Light Wt Bend Shoulder(PVC)","YES - model/option PNG","tata-agrico-shovel-lightweight--svl037-shovel-sq-4-light-wt-bend-shoulder-pvc.png"
"Agri Tools","Tata Agrico Mysore Mammoty","HOE Series","Tata Agrico - HOE016 - Powrah - BHM - Button Head Mammoty","YES - model/option PNG","tata-agrico-powrah-mysore--hoe016-powrah-bhm-button-head-mammoty.png"
"Agri Tools","Tata Agrico Mysore Mammoty","HOE Series","Tata Agrico - HOE035 - Powrah - MM 1.4 (Gold) - Black Colour","YES - model/option PNG","tata-agrico-powrah-mysore--hoe035-powrah-mm-1-4-gold-black-colour.png"
"Agri Tools","Tata Agrico Mysore Mammoty","HOE Series","Tata Agrico - HOE055 - Powrah - MM 1.4 (Gold) - Orange Colour","YES - model/option PNG","tata-agrico-powrah-mysore--hoe055-powrah-mm-1-4-gold-orange-colour.png"
"Agri Tools","Tata Agrico Pick Mattock","PKX022","Tata Agrico - PKX022 - Pick Mattock - 4Lbs","YES - model/option PNG","tata-agrico-pick-mattock--pkx022-pick-mattock-4lbs.png"
"Agri Tools","Tata Agrico Pickaxe & Kudali Handle","PKX Series","Tata Agrico - PKX015 - Kudali - PVC Handle (30.5"")","YES - model/option PNG","tata-agrico-pickaxe-handle--pkx015-kudali-pvc-handle-30-5.png"
"Agri Tools","Tata Agrico Pickaxe & Kudali Handle","PKX Series","Tata Agrico - PKX019 - Pickaxe - Steel Pickaxe Handle (35"")","YES - model/option PNG","tata-agrico-pickaxe-handle--pkx019-pickaxe-steel-pickaxe-handle-35.png"
"Agri Tools","Tata Agrico Potato Hoe","HOE Series","Tata Agrico - HOE056 - Powrah - Potato Hoe -1 Kg","YES - model/option PNG","tata-agrico-powrah-potato--hoe056-powrah-potato-hoe-1-kg.png"
"Agri Tools","Tata Agrico Potato Hoe","HOE Series","Tata Agrico - HOE060 - Powrah - Potato Hoe - 0.850 Kg","YES - model/option PNG","tata-agrico-powrah-potato--hoe060-powrah-potato-hoe-0-850-kg.png"
"Agri Tools","Tata Agrico Powrah Fork","HOE001","Tata Agrico - HOE001 - Powrah Fork FP-1.6","YES - model/option PNG","tata-agrico-powrah-fork--hoe001-powrah-fork-fp-1-6.png"
"Agri Tools","Tata Agrico Powrah Handle","HOE Series","Tata Agrico - HOE044 - Powrah - PVC Handle (29"")","YES - model/option PNG","tata-agrico-powrah-handle--hoe044-powrah-pvc-handle-29.png"
"Agri Tools","Tata Agrico Powrah Handle","HOE Series","Tata Agrico - HOE045 - PVC Powrah - Handle (30.5"")","YES - model/option PNG","tata-agrico-powrah-handle--hoe045-pvc-powrah-handle-30-5.png"
"Agri Tools","Tata Agrico Powrah Handle","HOE Series","Tata Agrico - HOE059 - Powrah - PVC Handle (35"")","YES - model/option PNG","tata-agrico-powrah-handle--hoe059-powrah-pvc-handle-35.png"
"Agri Tools","Tata Agrico Rajasthan Hammer","HMR Series","Tata Agrico - HMR043 - Hammer - SP-12 Rajasthan Model","YES - model/option PNG","tata-agrico-hammer-rajasthan--hmr043-hammer-sp-12-rajasthan-model.png"
"Agri Tools","Tata Agrico Rajasthan Hammer","HMR Series","Tata Agrico - HMR044 - Hammer-SP-14 Rajasthan Model","YES - model/option PNG","tata-agrico-hammer-rajasthan--hmr044-hammer-sp-14-rajasthan-model.png"
"Agri Tools","Tata Agrico Rajasthan Hammer","HMR Series","Tata Agrico - HMR048 - Hammer - SP -1.5 RH Rajasthan Model","YES - model/option PNG","tata-agrico-hammer-rajasthan--hmr048-hammer-sp-1-5-rh-rajasthan-model.png"
"Agri Tools","Tata Agrico Rajasthan Hammer","HMR Series","Tata Agrico - HMR049 - Hammer - SP-2 RH Rajasthan Model","YES - model/option PNG","tata-agrico-hammer-rajasthan--hmr049-hammer-sp-2-rh-rajasthan-model.png"
"Agri Tools","Tata Agrico Regional Powrah & Hoe","HOE Series","Tata Agrico - HOE006 - Powrah - East India","YES - model/option PNG","tata-agrico-powrah-regional--hoe006-powrah-east-india.png"
"Agri Tools","Tata Agrico Regional Powrah & Hoe","HOE Series","Tata Agrico - HOE007 - Powrah - West India","YES - model/option PNG","tata-agrico-powrah-regional--hoe007-powrah-west-india.png"
"Agri Tools","Tata Agrico Regional Powrah & Hoe","HOE Series","Tata Agrico - HOE009 - Powrah - Bombay 7","YES - model/option PNG","tata-agrico-powrah-regional--hoe009-powrah-bombay-7.png"
"Agri Tools","Tata Agrico Regional Powrah & Hoe","HOE Series","Tata Agrico - HOE010 - Powrah - Bombay 8","YES - model/option PNG","tata-agrico-powrah-regional--hoe010-powrah-bombay-8.png"
"Agri Tools","Tata Agrico Regional Powrah & Hoe","HOE Series","Tata Agrico - HOE011 - Powrah - Lanka Hoe","YES - model/option PNG","tata-agrico-powrah-regional--hoe011-powrah-lanka-hoe.png"
"Agri Tools","Tata Agrico Regional Powrah & Hoe","HOE Series","Tata Agrico - HOE017 - Powrah - Bombay 12","YES - model/option PNG","tata-agrico-powrah-regional--hoe017-powrah-bombay-12.png"
"Agri Tools","Tata Agrico Regional Powrah & Hoe","HOE Series","Tata Agrico - HOE040 - Powrah - Nepal Agri 1.6","YES - model/option PNG","tata-agrico-powrah-regional--hoe040-powrah-nepal-agri-1-6.png"
"Agri Tools","Tata Agrico Regional Powrah & Hoe","HOE Series","Tata Agrico - HOE042 - Powrah - Agrilite (1 Kg)","YES - model/option PNG","tata-agrico-powrah-regional--hoe042-powrah-agrilite-1-kg.png"
"Agri Tools","Tata Agrico Regional Powrah & Hoe","HOE Series","Tata Agrico - HOE043 - Powrah - Smaller West India","YES - model/option PNG","tata-agrico-powrah-regional--hoe043-powrah-smaller-west-india.png"
"Agri Tools","Tata Agrico Regional Powrah & Hoe","HOE Series","Tata Agrico - HOE058 - Powrah - East India Smaller","YES - model/option PNG","tata-agrico-powrah-regional--hoe058-powrah-east-india-smaller.png"
"Agri Tools","Tata Agrico Regional Powrah & Hoe","HOE Series","Tata Agrico - HOE061 - Powrah - Burmese Hoe","YES - model/option PNG","tata-agrico-powrah-regional--hoe061-powrah-burmese-hoe.png"
"Agri Tools","Tata Agrico Regional Powrah & Hoe","HOE Series","Tata Agrico - HOE077 - P o w ra h - B o m b a y 5","YES - model/option PNG","tata-agrico-powrah-regional--hoe077-p-o-w-ra-h-b-o-m-b-a-y-5.png"
"Agri Tools","Tata Agrico Regional Powrah & Hoe","HOE Series","Tata Agrico - HOE087 - Powrah - Agri 6 Neo","YES - model/option PNG","tata-agrico-powrah-regional--hoe087-powrah-agri-6-neo.png"
"Agri Tools","Tata Agrico Regional Powrah & Hoe","HOE Series","Tata Agrico - HOE089 - Powrah - West India New","YES - model/option PNG","tata-agrico-powrah-regional--hoe089-powrah-west-india-new.png"
"Agri Tools","Tata Agrico Regional Powrah & Hoe","HOE Series","Tata Agrico - HOE093 - Gujarat Powrah","YES - model/option PNG","tata-agrico-powrah-regional--hoe093-gujarat-powrah.png"
"Agri Tools","Tata Agrico Rotavator Blade","RVB Series","Tata Agrico - RVB002 - Rotavator Blade RVL-11","YES - model/option PNG","tata-agrico-rotavator-blade--rvb002-rotavator-blade-rvl-11.png"
"Agri Tools","Tata Agrico Rotavator Blade","RVB Series","Tata Agrico - RVB003 - Rotavator Blade RVL-14","YES - model/option PNG","tata-agrico-rotavator-blade--rvb003-rotavator-blade-rvl-14.png"
"Agri Tools","Tata Agrico Rotavator Blade","RVB Series","Tata Agrico - RVB006 - RT Blade 14.5 mm dia","YES - model/option PNG","tata-agrico-rotavator-blade--rvb006-rt-blade-14-5-mm-dia.png"
"Agri Tools","Tata Agrico Rotavator Blade","RVB Series","Tata Agrico - RVB007 - Rotavator Blade 12 X 44 MM","YES - model/option PNG","tata-agrico-rotavator-blade--rvb007-rotavator-blade-12-x-44-mm.png"
"Agri Tools","Tata Agrico Round Nose Shovel","SVL Series","Tata Agrico - SVL001 - Shovel - RD 2","YES - model/option PNG","tata-agrico-shovel-round-nose--svl001-shovel-rd-2.png"
"Agri Tools","Tata Agrico Round Nose Shovel","SVL Series","Tata Agrico - SVL002 - Shovel - RD 4","YES - model/option PNG","tata-agrico-shovel-round-nose--svl002-shovel-rd-4.png"
"Agri Tools","Tata Agrico Round Nose Shovel","SVL Series","Tata Agrico - SVL011 - Shovel - RD 2 (Steel Handle)","YES - model/option PNG","tata-agrico-shovel-round-nose--svl011-shovel-rd-2-steel-handle.png"
"Agri Tools","Tata Agrico Round Nose Shovel","SVL Series","Tata Agrico - SVL012 - Shovel - RD 4 (Steel Handle)","YES - model/option PNG","tata-agrico-shovel-round-nose--svl012-shovel-rd-4-steel-handle.png"
"Agri Tools","Tata Agrico Shovel Handle & Head","SVL Series","Tata Agrico - SVL015 - Shovel - Wooden Handle Assembly","YES - model/option PNG","tata-agrico-shovel-handle--svl015-shovel-wooden-handle-assembly.png"
"Agri Tools","Tata Agrico Shovel Handle & Head","SVL Series","Tata Agrico - SVL016 - Shovel - SQ 4 Without Handle","YES - model/option PNG","tata-agrico-shovel-handle--svl016-shovel-sq-4-without-handle.png"
"Agri Tools","Tata Agrico Sickle","SIC Series","Tata Agrico - SIC002 - Sickle - 102 : Wooden Handle","YES - model/option PNG","tata-agrico-sickle--sic002-sickle-102-wooden-handle.png"
"Agri Tools","Tata Agrico Sickle","SIC Series","Tata Agrico - SIC004 - Sickle - 104 : Wooden Handle","YES - model/option PNG","tata-agrico-sickle--sic004-sickle-104-wooden-handle.png"
"Agri Tools","Tata Agrico Sickle","SIC Series","Tata Agrico - SIC005 - Sickle - 105 : Wooden Handle","YES - model/option PNG","tata-agrico-sickle--sic005-sickle-105-wooden-handle.png"
"Agri Tools","Tata Agrico Sickle","SIC Series","Tata Agrico - SIC006 - Sickle - 105(Top Teeth) : Wooden Handle","YES - model/option PNG","tata-agrico-sickle--sic006-sickle-105-top-teeth-wooden-handle.png"
"Agri Tools","Tata Agrico Sickle","SIC Series","Tata Agrico - SIC007 - Sickle - 107 : Wooden Handle","YES - model/option PNG","tata-agrico-sickle--sic007-sickle-107-wooden-handle.png"
"Agri Tools","Tata Agrico Sickle","SIC Series","Tata Agrico - SIC008 - Sickle - 108 : Wooden Handle","YES - model/option PNG","tata-agrico-sickle--sic008-sickle-108-wooden-handle.png"
"Agri Tools","Tata Agrico Sickle","SIC Series","Tata Agrico - SIC010 - Sickle - 108(Top Teeth) : Wooden Handle","YES - model/option PNG","tata-agrico-sickle--sic010-sickle-108-top-teeth-wooden-handle.png"
"Agri Tools","Tata Agrico Sickle","SIC Series","Tata Agrico - SIC020 - Sickle - Maharastra Model: Wooden Handle","YES - model/option PNG","tata-agrico-sickle--sic020-sickle-maharastra-model-wooden-handle.png"
"Agri Tools","Tata Agrico Sickle","SIC Series","Tata Agrico - SIC021 - Sickle - 102 : Plastic Handle","YES - model/option PNG","tata-agrico-sickle--sic021-sickle-102-plastic-handle.png"
"Agri Tools","Tata Agrico Sickle","SIC Series","Tata Agrico - SIC022 - Sickle - 104 : Plastic Handle","YES - model/option PNG","tata-agrico-sickle--sic022-sickle-104-plastic-handle.png"
"Agri Tools","Tata Agrico Sickle","SIC Series","Tata Agrico - SIC023 - Sickle - 105 : Plastic Handle","YES - model/option PNG","tata-agrico-sickle--sic023-sickle-105-plastic-handle.png"
"Agri Tools","Tata Agrico Sickle","SIC Series","Tata Agrico - SIC024 - Sickle - 105 (Top Teeth): Plastic Handle","YES - model/option PNG","tata-agrico-sickle--sic024-sickle-105-top-teeth-plastic-handle.png"
"Agri Tools","Tata Agrico Sickle","SIC Series","Tata Agrico - SIC025 - Sickle - 107 : Plastic Handle","YES - model/option PNG","tata-agrico-sickle--sic025-sickle-107-plastic-handle.png"
"Agri Tools","Tata Agrico Sickle","SIC Series","Tata Agrico - SIC026 - Sickle - 108 : Plastic Handle","YES - model/option PNG","tata-agrico-sickle--sic026-sickle-108-plastic-handle.png"
"Agri Tools","Tata Agrico Sickle","SIC Series","Tata Agrico - SIC028 - Sickle - 108 (Top Teeth): Plastic Handle","YES - model/option PNG","tata-agrico-sickle--sic028-sickle-108-top-teeth-plastic-handle.png"
"Agri Tools","Tata Agrico Sickle","SIC Series","Tata Agrico - SICM02 - Sickle - 102 : Wooden Handle","YES - model/option PNG","tata-agrico-sickle--sicm02-sickle-102-wooden-handle.png"
"Agri Tools","Tata Agrico Sickle","SIC Series","Tata Agrico - SICM04 - Sickle - 104 : Wooden Handle","YES - model/option PNG","tata-agrico-sickle--sicm04-sickle-104-wooden-handle.png"
"Agri Tools","Tata Agrico Sickle","SIC Series","Tata Agrico - SICM05 - Sickle - 104 : Wooden Handle","YES - model/option PNG","tata-agrico-sickle--sicm05-sickle-104-wooden-handle.png"
"Agri Tools","Tata Agrico Sickle","SIC Series","Tata Agrico - SICM06 - Sickle - 105(Top Teeth): Wooden Handle","YES - model/option PNG","tata-agrico-sickle--sicm06-sickle-105-top-teeth-wooden-handle.png"
"Agri Tools","Tata Agrico Sickle","SIC Series","Tata Agrico - SICM07 - Sickle - 107 : Wooden Handle","YES - model/option PNG","tata-agrico-sickle--sicm07-sickle-107-wooden-handle.png"
"Agri Tools","Tata Agrico Sickle","SIC Series","Tata Agrico - SICM08 - Sickle - 108 : Wooden Handle","YES - model/option PNG","tata-agrico-sickle--sicm08-sickle-108-wooden-handle.png"
"Agri Tools","Tata Agrico Sickle","SIC Series","Tata Agrico - SICM09 - Sickle - 107 (Top Teeth): Wooden Handle","YES - model/option PNG","tata-agrico-sickle--sicm09-sickle-107-top-teeth-wooden-handle.png"
"Agri Tools","Tata Agrico Sickle","SIC Series","Tata Agrico - SICM10 - SIC - 108(Top Teeth): Wooden Handle","YES - model/option PNG","tata-agrico-sickle--sicm10-sic-108-top-teeth-wooden-handle.png"
"Agri Tools","Tata Agrico Sickle","SIC Series","Tata Agrico - SICM21 - Sickle - 102 : Plastic Handle","YES - model/option PNG","tata-agrico-sickle--sicm21-sickle-102-plastic-handle.png"
"Agri Tools","Tata Agrico Sickle","SIC Series","Tata Agrico - SICM22 - Sickle - 104 : Plastic Handle","YES - model/option PNG","tata-agrico-sickle--sicm22-sickle-104-plastic-handle.png"
"Agri Tools","Tata Agrico Sickle","SIC Series","Tata Agrico - SICM23 - Sickle - 105 : Plastic Handle","YES - model/option PNG","tata-agrico-sickle--sicm23-sickle-105-plastic-handle.png"
"Agri Tools","Tata Agrico Sickle","SIC Series","Tata Agrico - SICM24 - Sickle - 105(Top Teeth): Plastic Handle","YES - model/option PNG","tata-agrico-sickle--sicm24-sickle-105-top-teeth-plastic-handle.png"
"Agri Tools","Tata Agrico Sickle","SIC Series","Tata Agrico - SICM25 - Sickle - 107 : Plastic Handle","YES - model/option PNG","tata-agrico-sickle--sicm25-sickle-107-plastic-handle.png"
"Agri Tools","Tata Agrico Sickle","SIC Series","Tata Agrico - SICM26 - Sickle - 108 : Plastic Handle","YES - model/option PNG","tata-agrico-sickle--sicm26-sickle-108-plastic-handle.png"
"Agri Tools","Tata Agrico Sickle","SIC Series","Tata Agrico - SICM27 - Sickle - 107 (Top Teeth): Plastic Handle","YES - model/option PNG","tata-agrico-sickle--sicm27-sickle-107-top-teeth-plastic-handle.png"
"Agri Tools","Tata Agrico Sickle","SIC Series","Tata Agrico - SICM28 - Sickle - 108 (Top Teeth): Plastic Handle","YES - model/option PNG","tata-agrico-sickle--sicm28-sickle-108-top-teeth-plastic-handle.png"
"Agri Tools","Tata Agrico Square Nose Shovel","SVL Series","Tata Agrico - SVL004 - Shovel - SQ 4","YES - model/option PNG","tata-agrico-shovel-square-nose--svl004-shovel-sq-4.png"
"Agri Tools","Tata Agrico Square Nose Shovel","SVL Series","Tata Agrico - SVL005 - Shovel - SQ 6","YES - model/option PNG","tata-agrico-shovel-square-nose--svl005-shovel-sq-6.png"
"Agri Tools","Tata Agrico Square Nose Shovel","SVL Series","Tata Agrico - SVL008 - Shovel - SQ 4 (Steel Handle)","YES - model/option PNG","tata-agrico-shovel-square-nose--svl008-shovel-sq-4-steel-handle.png"
"Agri Tools","Tata Agrico Square Nose Shovel","SVL Series","Tata Agrico - SVL009 - Shovel - SQ 6 (Steel Handle)","YES - model/option PNG","tata-agrico-shovel-square-nose--svl009-shovel-sq-6-steel-handle.png"
"Agri Tools","Tata Agrico Square Nose Shovel","SVL Series","Tata Agrico - SVL013 - Shovel - SQ 4 - Bend Shoulder","YES - model/option PNG","tata-agrico-shovel-square-nose--svl013-shovel-sq-4-bend-shoulder.png"
"Agri Tools","Tata Agrico Square Nose Shovel","SVL Series","Tata Agrico - SVL018 - Shovel - SQ 4 - Bend Shoulder & Steel Handle","YES - model/option PNG","tata-agrico-shovel-square-nose--svl018-shovel-sq-4-bend-shoulder-steel-handle.png"
"Agri Tools","Tata Agrico Square Nose Shovel","SVL Series","Tata Agrico - SVL019 - Shovel - SQ 6 - Bend Shoulder & Steel Handle","YES - model/option PNG","tata-agrico-shovel-square-nose--svl019-shovel-sq-6-bend-shoulder-steel-handle.png"
"Agri Tools","Tata Agrico Straight Pein Hammer - Oval Hole","HMR Series","Tata Agrico - HMR029 - Hammer - SP 12 Oval Hole","YES - model/option PNG","tata-agrico-hammer-straight-pein-oval--hmr029-hammer-sp-12-oval-hole.png"
"Agri Tools","Tata Agrico Straight Pein Hammer - Oval Hole","HMR Series","Tata Agrico - HMR030 - Hammer - SP-14 Oval Hole","YES - model/option PNG","tata-agrico-hammer-straight-pein-oval--hmr030-hammer-sp-14-oval-hole.png"
"Agri Tools","Tata Agrico Straight Pein Hammer - Oval Hole","HMR Series","Tata Agrico - HMR031 - Hammer - SP-16 Oval Hole","YES - model/option PNG","tata-agrico-hammer-straight-pein-oval--hmr031-hammer-sp-16-oval-hole.png"
"Agri Tools","Tata Agrico Straight Pein Hammer - Oval Hole","HMR Series","Tata Agrico - HMR032 - Hammer - CP 2 Oval Hole","YES - model/option PNG","tata-agrico-hammer-straight-pein-oval--hmr032-hammer-cp-2-oval-hole.png"
"Agri Tools","Tata Agrico Straight Pein Hammer - Round Hole","HMR Series","Tata Agrico - HMR022 - Hammer -SP-10- Round Hole","YES - model/option PNG","tata-agrico-hammer-straight-pein-round--hmr022-hammer-sp-10-round-hole.png"
"Agri Tools","Tata Agrico Straight Pein Hammer - Round Hole","HMR Series","Tata Agrico - HMR023 - Hammer - SP-12- Round Hole","YES - model/option PNG","tata-agrico-hammer-straight-pein-round--hmr023-hammer-sp-12-round-hole.png"
"Agri Tools","Tata Agrico Straight Pein Hammer - Round Hole","HMR Series","Tata Agrico - HMR024 - Hammer - SP-14- Round Hole","YES - model/option PNG","tata-agrico-hammer-straight-pein-round--hmr024-hammer-sp-14-round-hole.png"
"Agri Tools","Tata Agrico Straight Pein Hammer - Round Hole","HMR Series","Tata Agrico - HMR025 - Hammer - SP-16- Round Hole","YES - model/option PNG","tata-agrico-hammer-straight-pein-round--hmr025-hammer-sp-16-round-hole.png"
"Agri Tools","Tata Agrico Straight Pein Hammer - Round Hole","HMR Series","Tata Agrico - HMR026 - Hammer - SP-1.5 Round Hole","YES - model/option PNG","tata-agrico-hammer-straight-pein-round--hmr026-hammer-sp-1-5-round-hole.png"
"Agri Tools","Tata Agrico Straight Pein Hammer - Round Hole","HMR Series","Tata Agrico - HMR027 - Hammer - SP-2 Round Hole","YES - model/option PNG","tata-agrico-hammer-straight-pein-round--hmr027-hammer-sp-2-round-hole.png"
"Agri Tools","Tata Agrico Straight Pein Hammer - Round Hole","HMR Series","Tata Agrico - HMR028 - Hammer - SP-8 Round Hole","YES - model/option PNG","tata-agrico-hammer-straight-pein-round--hmr028-hammer-sp-8-round-hole.png"
"Agri Tools","Tata Agrico Straight Pein Hammer - Round Hole","HMR Series","Tata Agrico - HMR040 - Hammer - SP-18 Round","YES - model/option PNG","tata-agrico-hammer-straight-pein-round--hmr040-hammer-sp-18-round.png"
"Agri Tools","Tata Agrico Straight Pein Hammer - Round Hole","HMR Series","Tata Agrico - HMR041 - Hammer - SP-20 Round","YES - model/option PNG","tata-agrico-hammer-straight-pein-round--hmr041-hammer-sp-20-round.png"
"Agri Tools","Tata Agrico Swan Neck Mammoty","HOE Series","Tata Agrico - HOE013 - Powrah - SNM 1.45","YES - model/option PNG","tata-agrico-powrah-swan-neck--hoe013-powrah-snm-1-45.png"
"Agri Tools","Tata Agrico Swan Neck Mammoty","HOE Series","Tata Agrico - HOE014 - Powrah - SNM 1.8","YES - model/option PNG","tata-agrico-powrah-swan-neck--hoe014-powrah-snm-1-8.png"
"Agri Tools","Tata Agrico Swan Neck Mammoty","HOE Series","Tata Agrico - HOE082 - SNM 1.45 Powrah","YES - model/option PNG","tata-agrico-powrah-swan-neck--hoe082-snm-1-45-powrah.png"
"Agri Tools","Tata Agrico Tanged Mammoty","HOE Series","Tata Agrico - HOE015 - Powrah - TM 1.6","YES - model/option PNG","tata-agrico-powrah-tanged--hoe015-powrah-tm-1-6.png"
"Agri Tools","Tata Agrico Tanged Mammoty","HOE Series","Tata Agrico - HOE024 - Powrah - TM 1.4","YES - model/option PNG","tata-agrico-powrah-tanged--hoe024-powrah-tm-1-4.png"
"Agri Tools","Tata Agrico Tanged Mammoty","HOE Series","Tata Agrico - HOE041 - Powrah - Kundali","YES - model/option PNG","tata-agrico-powrah-tanged--hoe041-powrah-kundali.png"
"Agri Tools","Tata Agrico TP Series Riveted Powrah","HOE Series","Tata Agrico - HOE019 - TP 3 Powrah - Riveted Powrah","YES - model/option PNG","tata-agrico-powrah-tp--hoe019-tp-3-powrah-riveted-powrah.png"
"Agri Tools","Tata Agrico TP Series Riveted Powrah","HOE Series","Tata Agrico - HOE020 - Powrah - TP 4 - Riveted Powrah","YES - model/option PNG","tata-agrico-powrah-tp--hoe020-powrah-tp-4-riveted-powrah.png"
"Agri Tools","Tata Agrico TP Series Riveted Powrah","HOE Series","Tata Agrico - HOE021 - TP 5 Powrah - Riveted Powrah","YES - model/option PNG","tata-agrico-powrah-tp--hoe021-tp-5-powrah-riveted-powrah.png"
"Agri Tools","Tata Agrico TP Series Riveted Powrah","HOE Series","Tata Agrico - HOE027 - Powrah - TP - 11 Riveted Powrah","YES - model/option PNG","tata-agrico-powrah-tp--hoe027-powrah-tp-11-riveted-powrah.png"
"Agri Tools","Tata Agrico TP Series Riveted Powrah","HOE Series","Tata Agrico - HOE031 - Powrah - TP - 5(Gold) Riveted Powrah","YES - model/option PNG","tata-agrico-powrah-tp--hoe031-powrah-tp-5-gold-riveted-powrah.png"
"Agri Tools","Tata Agrico TP Series Riveted Powrah","HOE Series","Tata Agrico - HOE032 - Powrah TP 11 (Gold) Riveted Powrah","YES - model/option PNG","tata-agrico-powrah-tp--hoe032-powrah-tp-11-gold-riveted-powrah.png"
"Agri Tools","Tata Agrico TP Series Riveted Powrah","HOE Series","Tata Agrico - HOE047 - TP 6 Powrah - Riveted Powrah","YES - model/option PNG","tata-agrico-powrah-tp--hoe047-tp-6-powrah-riveted-powrah.png"
"Agri Tools","Tata Agrico TP Series Riveted Powrah","HOE Series","Tata Agrico - HOE051 - Powrah - TP 6 - Large","YES - model/option PNG","tata-agrico-powrah-tp--hoe051-powrah-tp-6-large.png"
"Agri Tools","Tata Agrico TP Series Riveted Powrah","HOE Series","Tata Agrico - HOE064 - TP - GDN Powrah","YES - model/option PNG","tata-agrico-powrah-tp--hoe064-tp-gdn-powrah.png"
"Agri Tools","Tata Agrico TP Series Riveted Powrah","HOE Series","Tata Agrico - HOE090 - Powrah - TP Panja Powrah - 1.5 KG","YES - model/option PNG","tata-agrico-powrah-tp--hoe090-powrah-tp-panja-powrah-1-5-kg.png"
"Agri Tools","Tata Agrico TP Series Riveted Powrah","HOE Series","Tata Agrico - HOE091 - Powrah - TP Panja Powrah - 1.0 KG","YES - model/option PNG","tata-agrico-powrah-tp--hoe091-powrah-tp-panja-powrah-1-0-kg.png"
"Emery Abrasives","Emery paper Anchor","EMP-ANC","Main product/family photo","YES - one PNG","emery-paper-anchor.png"
"Emery Abrasives","Emery paper Apollo","EP-APL","Main product/family photo","YES - one PNG","emery-paper-apollo.png"
"Emery Abrasives","Emery paper Galaxy","EP-GAL","Main product/family photo","YES - one PNG","emery-paper-galaxy.png"
"Emery Abrasives","Emery Roll","EMR","Main product/family photo","YES - one PNG","emery-roll.png"
"Hand Tools","Abrasive Wheels & Discs","HT-AWD","Main product/family photo","YES - one PNG","abrasive-wheel-disc.png"
"Hand Tools","Adjustable Angle Shear","HT-AAS","Main product/family photo","YES - one PNG","adjustable-angle-shear.png"
"Hand Tools","Adjustable Wrench","HT-AW","Main product/family photo","YES - one PNG","adjustable-wrench.png"
"Hand Tools","Air Blow Gun","HT-SPRAY-066","Main product/family photo","YES - one PNG","maf-pro-air-blow-gun.png"
"Hand Tools","Air Chuck","HT-OTHER-028","Main product/family photo","YES - one PNG","elephant-air-chuck.png"
"Hand Tools","Allen Key Set","HT-ALK","Main product/family photo","YES - one PNG","allen-key-set.png"
"Hand Tools","Allen Keys","HT-SOCKET-063","Main product/family photo","YES - one PNG","king-tony-allen-keys.png"
"Hand Tools","Aviation Snips","HT-PLIER-145","Main product/family photo","YES - one PNG","ultrafast-aviation-snips.png"
"Hand Tools","Ball Pein & Claw Hammer","HT-BCH","Main product/family photo","YES - one PNG","ball-pein-claw-hammer.png"
"Hand Tools","Barrel Pump","HT-SPRAY-108","Main product/family photo","YES - one PNG","pro-cut-tools-barrel-pump.png"
"Hand Tools","Bearing Puller","HT-BPL","Main product/family photo","YES - one PNG","bearing-puller.png"
"Hand Tools","Bench & Pipe Vice","HT-VIC","Main product/family photo","YES - one PNG","bench-pipe-vice.png"
"Hand Tools","Bill Hook (Aruval)","HT-BHK","Main product/family photo","YES - one PNG","bill-hook.png"
"Hand Tools","Block Plane","HT-BLP","Main product/family photo","YES - one PNG","block-plane.png"
"Hand Tools","Bolt Cutters","HT-PLIER-147","Main product/family photo","YES - one PNG","ultrafast-bolt-cutters.png"
"Hand Tools","Box Spanner","HT-BSP","Main product/family photo","YES - one PNG","box-spanner.png"
"Hand Tools","Butane Burner","HT-OTHER-022","Main product/family photo","YES - one PNG","chinese-generic-butane-burner.png"
"Hand Tools","Butane Gas Torch","HT-OTHER-023","Main product/family photo","YES - one PNG","chinese-generic-butane-gas-torch.png"
"Hand Tools","Cable & Bolt Cutter","HT-CUT","Main product/family photo","YES - one PNG","cable-bolt-cutter.png"
"Hand Tools","Cable Cutters","HT-PLIER-102","Main product/family photo","YES - one PNG","pro-cut-tools-cable-cutters.png"
"Hand Tools","Calipers & Spring Dividers","HT-CSD","Main product/family photo","YES - one PNG","calipers-spring-dividers.png"
"Hand Tools","Carpenter Tools","HT-CPT","Main product/family photo","YES - one PNG","carpenter-tools.png"
"Hand Tools","Carpenter Try Square","HT-MEASURE-094","Main product/family photo","YES - one PNG","naveen-carpenter-try-square.png"
"Hand Tools","Caulking Guns","HT-SPRAY-049","Main product/family photo","YES - one PNG","hanbon-tools-caulking-guns.png"
"Hand Tools","Centre & Drift Punch","HT-CDP","Main product/family photo","YES - one PNG","centre-drift-punch.png"
"Hand Tools","Centring Hammers","HT-HAMMER-072","Main product/family photo","YES - one PNG","masonary-centring-hammers.png"
"Hand Tools","Centring Hammers With Handle","HT-HAMMER-074","Main product/family photo","YES - one PNG","masonary-centring-hammers-with-handle.png"
"Hand Tools","Chains","HT-OTHER-012","Main product/family photo","YES - one PNG","amb-chains.png"
"Hand Tools","Chisel & Punch","HT-CHP","Main product/family photo","YES - one PNG","chisel-punch.png"
"Hand Tools","Chisels","HT-CUT-119","Main product/family photo","YES - one PNG","revex-chisels-chisels.png"
"Hand Tools","Circlip Pliers","HT-CIR","Main product/family photo","YES - one PNG","circlip-pliers.png"
"Hand Tools","Claw Hammer","HT-HAMMER-133","Main product/family photo","YES - one PNG","sony-claw-hammer.png"
"Hand Tools","Combination Plier","HT-HAMMER-061","Main product/family photo","YES - one PNG","kendo-combination-plier.png"
"Hand Tools","Combination Spanner","HT-CSP","Main product/family photo","YES - one PNG","combination-spanner.png"
"Hand Tools","Combination Square Set","HT-MEASURE-024","Main product/family photo","YES - one PNG","chinese-generic-combination-square-set.png"
"Hand Tools","Crowbars/ Wrecking Bars","HT-OTHER-076","Main product/family photo","YES - one PNG","masonary-crowbars-wrecking-bars.png"
"Hand Tools","Cutter Knife","HT-PLIER-006","Main product/family photo","YES - one PNG","amb-cutter-knife.png"
"Hand Tools","Cutting & Drill Accessories","HT-CDA","Main product/family photo","YES - one PNG","cutting-drill-accessories.png"
"Hand Tools","Diesel Spray Guns","HT-SPRAY-157","Main product/family photo","YES - one PNG","xlnt-diesel-spray-guns.png"
"Hand Tools","Digital Vernier Caliper","HT-MEASURE-150","Main product/family photo","YES - one PNG","vernier-calipers-digital-vernier-caliper.png"
"Hand Tools","Double Ended Open Jaw Spanner","HT-DEO","Main product/family photo","YES - one PNG","double-ended-open-jaw-spanner.png"
"Hand Tools","Engineering Tri Square","HT-MEASURE-128","Main product/family photo","YES - one PNG","s-k-i-engineering-tri-square.png"
"Hand Tools","Feeler Gauge","HT-CUT-113","Main product/family photo","YES - one PNG","pro-cut-tools-feeler-gauge.png"
"Hand Tools","Filter Wrench","HT-SPANNER-052","Main product/family photo","YES - one PNG","hanbon-tools-filter-wrench.png"
"Hand Tools","Flame Gun (Blazing Torch)","HT-SPRAY-106","Main product/family photo","YES - one PNG","pro-cut-tools-flame-gun-blazing-torch.png"
"Hand Tools","Flexible Shafts For Drill Machines","HT-SOCKET-021","Main product/family photo","YES - one PNG","chinese-generic-flexible-shafts-for-drill-machines.png"
"Hand Tools","Foot Pump","HT-SPRAY-027","Main product/family photo","YES - one PNG","elephant-foot-pump.png"
"Hand Tools","G, C & F Clamp","HT-CLP","Main product/family photo","YES - one PNG","g-f-c-clamp.png"
"Hand Tools","Garden Gun Set","HT-SPRAY-154","Main product/family photo","YES - one PNG","water-guns-and-fittings-garden-gun-set.png"
"Hand Tools","Garden Hoe & Fork","HT-GHF","Main product/family photo","YES - one PNG","garden-hoe-fork.png"
"Hand Tools","Garden Loopers","HT-GARDEN-041","Main product/family photo","YES - one PNG","garden-tools-garden-loopers.png"
"Hand Tools","Garden Lopper","HT-GLP","Main product/family photo","YES - one PNG","garden-lopper.png"
"Hand Tools","Garden Rake","HT-GRK","Main product/family photo","YES - one PNG","garden-rake.png"
"Hand Tools","Garden Scissors","HT-GSC","Main product/family photo","YES - one PNG","garden-scissors.png"
"Hand Tools","Garden Sprayer","HT-GSP","Main product/family photo","YES - one PNG","garden-sprayer.png"
"Hand Tools","Garden Tool Set","HT-GTS","Main product/family photo","YES - one PNG","garden-tool-set.png"
"Hand Tools","Glue Gun","HT-SPRAY-084","Main product/family photo","YES - one PNG","mega-glue-gun.png"
"Hand Tools","Grease Gun & Oil Can","HT-GGO","Main product/family photo","YES - one PNG","grease-gun-oil-can.png"
"Hand Tools","Grease Guns","HT-SPRAY-051","Main product/family photo","YES - one PNG","hanbon-tools-grease-guns.png"
"Hand Tools","Hacksaw Frame & Blade","HT-HSF","Main product/family photo","YES - one PNG","hacksaw-frame.png"
"Hand Tools","Half Moon Spanner","HT-HMS","Main product/family photo","YES - one PNG","half-moon-spanner.png"
"Hand Tools","Hammer Handle","HT-HAMMER-073","Main product/family photo","YES - one PNG","masonary-hammer-handle.png"
"Hand Tools","Hand Magnets","HT-STORAGE-045","Main product/family photo","YES - one PNG","hand-magnets-hand-magnets.png"
"Hand Tools","Hand Riveter & Rivet Nut Tool","HT-RIV","Main product/family photo","YES - one PNG","hand-riveter.png"
"Hand Tools","Hand Saw Tct","HT-CUT-007","Main product/family photo","YES - one PNG","amb-hand-saw-tct.png"
"Hand Tools","Hand Saws","HT-CUT-110","Main product/family photo","YES - one PNG","pro-cut-tools-hand-saws.png"
"Hand Tools","Hedge Shear","HT-HDS","Main product/family photo","YES - one PNG","hedge-shear.png"
"Hand Tools","Hole Saw","HT-HSW","Main product/family photo","YES - one PNG","hole-saw.png"
"Hand Tools","Hydraulic Bottle Jack","HT-LIFT-034","Main product/family photo","YES - one PNG","gallop-hydraulic-bottle-jack.png"
"Hand Tools","Hydraulic Crimping Tool","HT-PLIER-010","Main product/family photo","YES - one PNG","amb-hydraulic-crimping-tool.png"
"Hand Tools","Hydraulic Jack & Jack Stand","HT-JAK","Main product/family photo","YES - one PNG","hydraulic-jack.png"
"Hand Tools","Impact Socket","HT-ISK","Main product/family photo","YES - one PNG","impact-socket.png"
"Hand Tools","Impact Sockets","HT-SOCKET-062","Main product/family photo","YES - one PNG","king-tony-impact-sockets.png"
"Hand Tools","Karandi","HT-OTHER-069","Main product/family photo","YES - one PNG","masonary-karandi.png"
"Hand Tools","Kay Kay Screwdrivers","HT-SCREW-060","Main product/family photo","YES - one PNG","kay-kay-screw-drivers-kay-kay-screwdrivers.png"
"Hand Tools","Kitchen Scissors","HT-PLIER-123","Main product/family photo","YES - one PNG","scissors-kitchen-scissors.png"
"Hand Tools","L Spanner","HT-LSP","Main product/family photo","YES - one PNG","l-spanner.png"
"Hand Tools","Labour Saving Wrench","HT-SPANNER-009","Main product/family photo","YES - one PNG","amb-labour-saving-wrench.png"
"Hand Tools","Leather Punch","HT-LHP","Main product/family photo","YES - one PNG","leather-punch.png"
"Hand Tools","Line Tester","HT-LNT","Main product/family photo","YES - one PNG","line-tester.png"
"Hand Tools","Magnetic Tools","HT-MAG","Main product/family photo","YES - one PNG","magnetic-tools.png"
"Hand Tools","Manual Foam Cannon","HT-OTHER-144","Main product/family photo","YES - one PNG","tuqo-manual-foam-cannon.png"
"Hand Tools","Manual Stapler","HT-STORAGE-090","Main product/family photo","YES - one PNG","miles-manual-stapler.png"
"Hand Tools","Manvetti(Mamootie)","HT-OTHER-071","Main product/family photo","YES - one PNG","masonary-manvetti-mamootie.png"
"Hand Tools","Masonry Trowel","HT-MTR","Main product/family photo","YES - one PNG","masonry-trowel.png"
"Hand Tools","Measuring Tape & Spirit Level","HT-MSL","Main product/family photo","YES - one PNG","measuring-tape-level.png"
"Hand Tools","Metal Towing Rope","HT-OTHER-004","Main product/family photo","YES - one PNG","amb-metal-towing-rope.png"
"Hand Tools","Mini Air Compressor","HT-OTHER-008","Main product/family photo","YES - one PNG","amb-mini-air-compressor.png"
"Hand Tools","Mini Nipper","HT-PLIER-026","Main product/family photo","YES - one PNG","dayton-mini-nipper.png"
"Hand Tools","Multifunctional Wire Stripper","HT-PLIER-088","Main product/family photo","YES - one PNG","metso-multifunctional-wire-stripper.png"
"Hand Tools","Multimeter","HT-OTHER-109","Main product/family photo","YES - one PNG","pro-cut-tools-multimeter.png"
"Hand Tools","Nippers & Pincers","HT-NIP","Main product/family photo","YES - one PNG","nipper-pincer.png"
"Hand Tools","Non-Sparking Tools","HT-NST","Main product/family photo","YES - one PNG","non-sparking-tools.png"
"Hand Tools","Nylon & Soft Faced Hammer","HT-NHM","Main product/family photo","YES - one PNG","nylon-soft-faced-hammer.png"
"Hand Tools","Nylon Hammer","HT-HAMMER-017","Main product/family photo","YES - one PNG","chetak-nylon-hammer.png"
"Hand Tools","Nylon Hammer Head","HT-HAMMER-018","Main product/family photo","YES - one PNG","chetak-nylon-hammer-head.png"
"Hand Tools","Nylon Hammer Heads","HT-HAMMER-097","Main product/family photo","YES - one PNG","pat-nylon-hammer-heads.png"
"Hand Tools","Octagonal Chisel","HT-OCH","Main product/family photo","YES - one PNG","octagonal-chisel.png"
"Hand Tools","Office Scissors","HT-PLIER-122","Main product/family photo","YES - one PNG","scissors-office-scissors.png"
"Hand Tools","Oil Can","HT-SPRAY-019","Main product/family photo","YES - one PNG","chetak-oil-can.png"
"Hand Tools","Oil Transfer Pump With Tube","HT-SPRAY-003","Main product/family photo","YES - one PNG","amb-oil-transfer-pump-with-tube.png"
"Hand Tools","Packing Pliers","HT-PLIER-136","Main product/family photo","YES - one PNG","strapping-machines-packing-pliers.png"
"Hand Tools","Paint Spray & Air Gun","HT-PSG","Main product/family photo","YES - one PNG","paint-spray-air-gun.png"
"Hand Tools","Paint Spray Guns","HT-SPRAY-091","Main product/family photo","YES - one PNG","msi-paint-spray-guns.png"
"Hand Tools","Pipe Wrench","HT-PWR","Main product/family photo","YES - one PNG","pipe-wrench.png"
"Hand Tools","Piston Compression Tool","HT-OTHER-086","Main product/family photo","YES - one PNG","metso-piston-compression-tool.png"
"Hand Tools","Plastering Tools","HT-MASON-068","Main product/family photo","YES - one PNG","masonary-plastering-tools.png"
"Hand Tools","Pliers","HT-PLI","Main product/family photo","YES - one PNG","pliers.png"
"Hand Tools","Plumbob","HT-OTHER-080","Main product/family photo","YES - one PNG","masonary-plumbob.png"
"Hand Tools","Pressure Washer","HT-OTHER-092","Main product/family photo","YES - one PNG","my-royal-pressure-washer.png"
"Hand Tools","Pruning Saw","HT-PRS","Main product/family photo","YES - one PNG","pruning-saw.png"
"Hand Tools","Pruning Sickle","HT-PRK","Main product/family photo","YES - one PNG","pruning-sickle.png"
"Hand Tools","Pulleys","HT-OTHER-013","Main product/family photo","YES - one PNG","amb-pulleys.png"
"Hand Tools","Putty Knife","HT-CUT-015","Main product/family photo","YES - one PNG","ambika-putty-knife.png"
"Hand Tools","Putty Knife & Scraper","HT-PKS","Main product/family photo","YES - one PNG","putty-knife-scraper.png"
"Hand Tools","PVC Pipe & Snap-Off Cutter","HT-PSC","Main product/family photo","YES - one PNG","pvc-pipe-snap-off-cutter.png"
"Hand Tools","Pvc Pipe Cutters","HT-PLIER-050","Main product/family photo","YES - one PNG","hanbon-tools-pvc-pipe-cutters.png"
"Hand Tools","Pvc Rubber Hammer","HT-HAMMER-146","Main product/family photo","YES - one PNG","ultrafast-pvc-rubber-hammer.png"
"Hand Tools","Pvc Tap Adaptors","HT-OTHER-155","Main product/family photo","YES - one PNG","water-guns-and-fittings-pvc-tap-adaptors.png"
"Hand Tools","Rachet Handles","HT-OTHER-011","Main product/family photo","YES - one PNG","amb-rachet-handles.png"
"Hand Tools","Ratchet Bits And Socket Sets And Spanners","HT-SPANNER-020","Main product/family photo","YES - one PNG","chinese-generic-ratchet-bits-and-socket-sets-and-spanners.png"
"Hand Tools","Ratchet Handle","HT-OTHER-115","Main product/family photo","YES - one PNG","pro-cut-tools-ratchet-handle.png"
"Hand Tools","Ring Spanner","HT-RSP","Main product/family photo","YES - one PNG","ring-spanner.png"
"Hand Tools","Rivet Nut Tool Kit","HT-RIVET-087","Main product/family photo","YES - one PNG","metso-rivet-nut-tool-kit.png"
"Hand Tools","Rodometer(Measuring Wheel)","HT-MEASURE-085","Main product/family photo","YES - one PNG","metso-rodometer-measuring-wheel.png"
"Hand Tools","Rubber Hammer","HT-RHM","Main product/family photo","YES - one PNG","rubber-hammer.png"
"Hand Tools","Sanding Kit","HT-OTHER-114","Main product/family photo","YES - one PNG","pro-cut-tools-sanding-kit.png"
"Hand Tools","Satti","HT-OTHER-077","Main product/family photo","YES - one PNG","masonary-satti.png"
"Hand Tools","Scissor Jacks","HT-PLIER-059","Main product/family photo","YES - one PNG","jacks-leo-scissor-jacks.png"
"Hand Tools","Scissors","HT-PLIER-014","Main product/family photo","YES - one PNG","amb-scissors.png"
"Hand Tools","Scissors & Aviation Snips","HT-SCI","Main product/family photo","YES - one PNG","scissors-snips.png"
"Hand Tools","Screw Extractor Sets","HT-OTHER-054","Main product/family photo","YES - one PNG","hanbon-tools-screw-extractor-sets.png"
"Hand Tools","Screwdriver","HT-SDR","Main product/family photo","YES - one PNG","screwdriver.png"
"Hand Tools","Screwdriver Bits","HT-SDB","Main product/family photo","YES - one PNG","screwdriver-bits.png"
"Hand Tools","Screwdriver Sets","HT-SCREW-082","Main product/family photo","YES - one PNG","mech-care-screwdriver-sets.png"
"Hand Tools","Screwdrivers","HT-SCREW-033","Main product/family photo","YES - one PNG","fizzcut-screwdrivers.png"
"Hand Tools","SDS Chisel","HT-SDS","Main product/family photo","YES - one PNG","sds-chisel.png"
"Hand Tools","Single Ended Open Jaw Spanner","HT-SES","Main product/family photo","YES - one PNG","single-ended-spanner.png"
"Hand Tools","Sink Installer/Flumer Wrench","HT-SPANNER-025","Main product/family photo","YES - one PNG","chinese-generic-sink-installer-flumer-wrench.png"
"Hand Tools","Sledge Hammer","HT-SHM","Main product/family photo","YES - one PNG","sledge-hammer.png"
"Hand Tools","Slogging Spanner","HT-SLS","Main product/family photo","YES - one PNG","slogging-spanner.png"
"Hand Tools","Socket Adaptors","HT-SOCKET-116","Main product/family photo","YES - one PNG","pro-cut-tools-socket-adaptors.png"
"Hand Tools","Socket Set","HT-SKT","Main product/family photo","YES - one PNG","socket-set.png"
"Hand Tools","Soldering Iron","HT-OTHER-048","Main product/family photo","YES - one PNG","hanbon-tools-soldering-iron.png"
"Hand Tools","Soldering Irons & Accessories","HT-OTHER-107","Main product/family photo","YES - one PNG","pro-cut-tools-soldering-irons-accessories.png"
"Hand Tools","Spoke Shave","HT-SSH","Main product/family photo","YES - one PNG","spoke-shave.png"
"Hand Tools","Sponge","HT-OTHER-079","Main product/family photo","YES - one PNG","masonary-sponge.png"
"Hand Tools","Spray Guns","HT-SPRAY-056","Main product/family photo","YES - one PNG","indigo-spray-guns.png"
"Hand Tools","Ss Nipper","HT-PLIER-158","Main product/family photo","YES - one PNG","yamato-ss-nipper.png"
"Hand Tools","Steel Files","HT-SFL","Main product/family photo","YES - one PNG","steel-file.png"
"Hand Tools","Strap Filter Wrench","HT-SFW","Main product/family photo","YES - one PNG","strap-filter-wrench.png"
"Hand Tools","Strapping Tensioner","HT-OTHER-135","Main product/family photo","YES - one PNG","strapping-machines-strapping-tensioner.png"
"Hand Tools","T Allen Keys Chrome","HT-SOCKET-064","Main product/family photo","YES - one PNG","king-tony-t-allen-keys-chrome.png"
"Hand Tools","T Spanner","HT-TSP","Main product/family photo","YES - one PNG","t-spanner.png"
"Hand Tools","T Spanner Set","HT-SPANNER-002","Main product/family photo","YES - one PNG","amb-t-spanner-set.png"
"Hand Tools","Tailoring Scissors","HT-PLIER-124","Main product/family photo","YES - one PNG","scissors-tailoring-scissors.png"
"Hand Tools","Tape Dispenser & Manual Stapler","HT-TDS","Main product/family photo","YES - one PNG","tape-dispenser-stapler.png"
"Hand Tools","Tape Dispensers","HT-STORAGE-032","Main product/family photo","YES - one PNG","falcon-tape-dispensers.png"
"Hand Tools","Thread Die Set","HT-OTHER-065","Main product/family photo","YES - one PNG","maf-pro-thread-die-set.png"
"Hand Tools","Tile Cutter","HT-TIL","Main product/family photo","YES - one PNG","tile-cutter.png"
"Hand Tools","Tile Cutter Spare Blades","HT-PLIER-143","Main product/family photo","YES - one PNG","tile-cutter-tile-cutter-spare-blades.png"
"Hand Tools","Tile Levelling Plier","HT-PLIER-089","Main product/family photo","YES - one PNG","metso-tile-levelling-plier.png"
"Hand Tools","Tile Spacers Clips Wedges","HT-CUT-081","Main product/family photo","YES - one PNG","masonary-tile-spacers-clips-wedges.png"
"Hand Tools","Tool Bag","HT-TBG","Main product/family photo","YES - one PNG","tool-bag.png"
"Hand Tools","Tool Box","HT-STORAGE-112","Main product/family photo","YES - one PNG","pro-cut-tools-tool-box.png"
"Hand Tools","Tool Box & Tool Kit","HT-TBX","Main product/family photo","YES - one PNG","tool-box-tool-kit.png"
"Hand Tools","Tools Kit","HT-OTHER-138","Main product/family photo","YES - one PNG","strong-ali-tools-kit.png"
"Hand Tools","Tools Trolley","HT-TTR","Main product/family photo","YES - one PNG","tools-trolley.png"
"Hand Tools","Torque Wrench","HT-TQW","Main product/family photo","YES - one PNG","torque-wrench.png"
"Hand Tools","Triangles","HT-MASON-055","Main product/family photo","YES - one PNG","hanbon-tools-triangles.png"
"Hand Tools","Triangualr Scale","HT-MEASURE-078","Main product/family photo","YES - one PNG","masonary-triangualr-scale.png"
"Hand Tools","Trolley Jacks","HT-LIFT-030","Main product/family photo","YES - one PNG","elephant-trolley-jacks.png"
"Hand Tools","Try Square","HT-MEASURE-152","Main product/family photo","YES - one PNG","vomb-try-square.png"
"Hand Tools","Try Square & Steel Rule","HT-TSR","Main product/family photo","YES - one PNG","try-square-steel-rule.png"
"Hand Tools","Tyre Guage","HT-OTHER-029","Main product/family photo","YES - one PNG","elephant-tyre-guage.png"
"Hand Tools","Tyre Inflating Gun","HT-SPRAY-105","Main product/family photo","YES - one PNG","pro-cut-tools-tyre-inflating-gun.png"
"Hand Tools","Tyre Lever","HT-OTHER-120","Main product/family photo","YES - one PNG","ratco-tyre-lever.png"
"Hand Tools","Tyre Repair Kit","HT-OTHER-118","Main product/family photo","YES - one PNG","pro-cut-tools-tyre-repair-kit.png"
"Hand Tools","Vernier Caliper","HT-VCA","Main product/family photo","YES - one PNG","vernier-caliper.png"
"Hand Tools","Water Spray Gun","HT-SPRAY-098","Main product/family photo","YES - one PNG","painter-water-spray-gun.png"
"Hand Tools","Well Pulley","HT-OTHER-111","Main product/family photo","YES - one PNG","pro-cut-tools-well-pulley.png"
"Hand Tools","Wire Brush Wood Handle","HT-OTHER-148","Main product/family photo","YES - one PNG","ultrafast-wire-brush-wood-handle.png"
"Hand Tools","Wire Stripper & Crimping Tool","HT-WSC","Main product/family photo","YES - one PNG","wire-stripper-crimping-tool.png"
"Hand Tools","Wooden Hammer","HT-HAMMER-129","Main product/family photo","YES - one PNG","smart-wooden-hammer.png"
"Hand Tools","Wooden Handle Size Baby","HT-OTHER-070","Main product/family photo","YES - one PNG","masonary-wooden-handle-size-baby.png"
"Hand Tools","Wooden Handles","HT-HAMMER-075","Main product/family photo","YES - one PNG","masonary-wooden-handles.png"
"Hand Tools","Working Light","HT-OTHER-053","Main product/family photo","YES - one PNG","hanbon-tools-working-light.png"
"Hand Tools","Wrecking Bar","HT-OTHER-121","Main product/family photo","YES - one PNG","ratco-wrecking-bar.png"
"Heat & Insulation","Ceramic Blanket","CER-BLNK","Main product/family photo","YES - one PNG","ceramic-blanket.png"
"Heat & Insulation","Glass Wool","GLS-WOOL","Main product/family photo","YES - one PNG","glass-wool.png"
"Hoses","Air Braided Hose","AIR-HOSE","Main product/family photo","YES - one PNG","air-braided-hose.png"
"Hoses","Braided Water Hose","BRAID-HOSE","Main product/family photo","YES - one PNG","braided-water-hose.png"
"Hoses","Construction Braided Hose","CON-HOSE","Main product/family photo","YES - one PNG","construction-braided-hose.png"
"Hoses","Flat Hose","FLT-HOSE","Main product/family photo","YES - one PNG","flat-hose.png"
"Hoses","Hose Protection Sleeve","HPS","Main product/family photo","YES - one PNG","hose-protection-sleeve.png"
"Hoses","Nylon Tube","NYL-TUBE","Main product/family photo","YES - one PNG","nylon-tube.png"
"Hoses","Power Spray Hose","PWR-SPRAY-HOSE","Main product/family photo","YES - one PNG","power-spray-hose.png"
"Hoses","PU Coil","COIL","Main product/family photo","YES - one PNG","pu-coil.png"
"Hoses","PU Tube","PU-TUBE","Main product/family photo","YES - one PNG","pu-tube.png"
"Hoses","PVC Duct Hose","DUCT-HOSE","Main product/family photo","YES - one PNG","pvc-duct-hose.png"
"Hoses","PVC Garden Hose","GARDEN-HOSE","Main product/family photo","YES - one PNG","pvc-garden-hose.png"
"Hoses","PVC Steel Wire Hose","STEEL-WIRE-HOSE","Main product/family photo","YES - one PNG","pvc-steel-wire-hose.png"
"Hoses","PVC Suction Hose","SUC-HOSE","Main product/family photo","YES - one PNG","pvc-suction-hose.png"
"Hoses","Silicon Tube","SIL-TUBE","Main product/family photo","YES - one PNG","silicon-tube.png"
"Hoses","TPR Welding Hose","WELD-HOSE","Main product/family photo","YES - one PNG","tpr-welding-hose.png"
"Hoses","Washing Machine Hose","WM-HOSE","Main product/family photo","YES - one PNG","washing-machine-hose.png"
"Industrial Adhesives & Sealants","ABRO PU Foam","ABR-PU-FOAM","Text-only listing","NO - adhesive exception",""
"Industrial Adhesives & Sealants","Anabond 112 Red","ANA-112","Text-only listing","NO - adhesive exception",""
"Industrial Adhesives & Sealants","Anabond 122 Blue","ANA-122","Text-only listing","NO - adhesive exception",""
"Industrial Adhesives & Sealants","Anabond 202","ANA-202","Text-only listing","NO - adhesive exception",""
"Industrial Adhesives & Sealants","Anabond 412 Red","ANA-412","Text-only listing","NO - adhesive exception",""
"Industrial Adhesives & Sealants","Anabond 666 Blue","ANA-666-BLUE","Text-only listing","NO - adhesive exception",""
"Industrial Adhesives & Sealants","Anabond 666 Clear Silicone","ANA-666-CLEAR","Text-only listing","NO - adhesive exception",""
"Industrial Adhesives & Sealants","Anabond 666T","ANA-666T","Text-only listing","NO - adhesive exception",""
"Industrial Adhesives & Sealants","Anabond RTV Red","ANA-RTV-RED","Text-only listing","NO - adhesive exception",""
"Industrial Adhesives & Sealants","Araldite Easy Fix","ARA-EASY-FIX","Text-only listing","NO - adhesive exception",""
"Industrial Adhesives & Sealants","Araldite Easy Fix Kwik","ARA-EASY-FIX-KWIK","Text-only listing","NO - adhesive exception",""
"Industrial Adhesives & Sealants","Araldite Klad Pro","ARA-KLAD-PRO","Text-only listing","NO - adhesive exception",""
"Industrial Adhesives & Sealants","Araldite Klad X","ARA-KLAD-X","Text-only listing","NO - adhesive exception",""
"Industrial Adhesives & Sealants","Araldite Klear 120","ARA-KLEAR-120","Text-only listing","NO - adhesive exception",""
"Industrial Adhesives & Sealants","Araldite Klear 20","ARA-KLEAR-20","Text-only listing","NO - adhesive exception",""
"Industrial Adhesives & Sealants","Araldite Klear 5","ARA-KLEAR-5","Text-only listing","NO - adhesive exception",""
"Industrial Adhesives & Sealants","Araldite Standard","ARA-STANDARD","Text-only listing","NO - adhesive exception",""
"Industrial Adhesives & Sealants","Araldite XIN","ARA-XIN","Text-only listing","NO - adhesive exception",""
"Industrial Adhesives & Sealants","Dendrite PC 65","DEN-PC-65","Text-only listing","NO - adhesive exception",""
"Industrial Adhesives & Sealants","DKLOG","DKL-40G","Text-only listing","NO - adhesive exception",""
"Industrial Adhesives & Sealants","Dowsil 789 Clear","DOW-789-CLR","Text-only listing","NO - adhesive exception",""
"Industrial Adhesives & Sealants","Dowsil 995","DOW-995","Text-only listing","NO - adhesive exception",""
"Industrial Adhesives & Sealants","Fevicol Fast Tack","FEV-FAST-TACK","Text-only listing","NO - adhesive exception",""
"Industrial Adhesives & Sealants","Fevicol Floorfix CP","FEV-FLOORFIX-CP","Text-only listing","NO - adhesive exception",""
"Industrial Adhesives & Sealants","Fevicol Floorfix RB","FEV-FLOORFIX-RB","Text-only listing","NO - adhesive exception",""
"Industrial Adhesives & Sealants","Fevicol Floorfix VT","FEV-FLOORFIX-VT","Text-only listing","NO - adhesive exception",""
"Industrial Adhesives & Sealants","Fevicol Foamfix","FEV-FOAMFIX","Text-only listing","NO - adhesive exception",""
"Industrial Adhesives & Sealants","Fevicol SH","FEV-SH","Text-only listing","NO - adhesive exception",""
"Industrial Adhesives & Sealants","Fevicol SP-4","FEV-SP-4","Text-only listing","NO - adhesive exception",""
"Industrial Adhesives & Sealants","Fevicol SP-5","FEV-SP-5","Text-only listing","NO - adhesive exception",""
"Industrial Adhesives & Sealants","Fevicol SR 505","FEV-SR-505","Text-only listing","NO - adhesive exception",""
"Industrial Adhesives & Sealants","Fevicol SR 998","FEV-SR-998","Text-only listing","NO - adhesive exception",""
"Industrial Adhesives & Sealants","Fevikwik","FKW","Text-only listing","NO - adhesive exception",""
"Industrial Adhesives & Sealants","Flex Kwik","FLX-KWIK","Text-only listing","NO - adhesive exception",""
"Industrial Adhesives & Sealants","Holdite PVC Solvent Cement","HOL-PVC-500","Text-only listing","NO - adhesive exception",""
"Industrial Adhesives & Sealants","Loctite 222","LOC-222","Text-only listing","NO - adhesive exception",""
"Industrial Adhesives & Sealants","Loctite 243","LOC-243","Text-only listing","NO - adhesive exception",""
"Industrial Adhesives & Sealants","Loctite 263","LOC-263","Text-only listing","NO - adhesive exception",""
"Industrial Adhesives & Sealants","Loctite 270","LOC-270","Text-only listing","NO - adhesive exception",""
"Industrial Adhesives & Sealants","Loctite 290","LOC-290","Text-only listing","NO - adhesive exception",""
"Industrial Adhesives & Sealants","Loctite 401","LOC-401","Text-only listing","NO - adhesive exception",""
"Industrial Adhesives & Sealants","Loctite 406","LOC-406","Text-only listing","NO - adhesive exception",""
"Industrial Adhesives & Sealants","Loctite 454","LOC-454","Text-only listing","NO - adhesive exception",""
"Industrial Adhesives & Sealants","Loctite 495","LOC-495","Text-only listing","NO - adhesive exception",""
"Industrial Adhesives & Sealants","Loctite 496","LOC-496","Text-only listing","NO - adhesive exception",""
"Industrial Adhesives & Sealants","Loctite 567","LOC-567","Text-only listing","NO - adhesive exception",""
"Industrial Adhesives & Sealants","Loctite 577","LOC-577","Text-only listing","NO - adhesive exception",""
"Industrial Adhesives & Sealants","Loctite 603","LOC-603","Text-only listing","NO - adhesive exception",""
"Industrial Adhesives & Sealants","Loctite 638","LOC-638","Text-only listing","NO - adhesive exception",""
"Industrial Adhesives & Sealants","Loctite 641","LOC-641","Text-only listing","NO - adhesive exception",""
"Industrial Adhesives & Sealants","Loctite 680","LOC-680","Text-only listing","NO - adhesive exception",""
"Industrial Adhesives & Sealants","Loctite SF 7649","LOC-SF-7649","Text-only listing","NO - adhesive exception",""
"Industrial Adhesives & Sealants","M-Seal CPVC Solvent Cement","MSE-CPVC","Text-only listing","NO - adhesive exception",""
"Industrial Adhesives & Sealants","M-Seal Ezyseal","MSE-EZYSEAL","Text-only listing","NO - adhesive exception",""
"Industrial Adhesives & Sealants","M-Seal General Purpose","MSE-GP","Text-only listing","NO - adhesive exception",""
"Industrial Adhesives & Sealants","M-Seal Phataphat","MSE-PHATAPHAT","Text-only listing","NO - adhesive exception",""
"Industrial Adhesives & Sealants","M-Seal PVC Solvent Cement","MSE-PVC","Text-only listing","NO - adhesive exception",""
"Industrial Adhesives & Sealants","M-Seal Sanitary White","MSE-SANITARY-WHITE","Text-only listing","NO - adhesive exception",""
"Industrial Adhesives & Sealants","M-Seal UPVC Solvent Cement","MSE-UPVC","Text-only listing","NO - adhesive exception",""
"Ladders & Sections","Aluminium ladder 4 step","ALD-4S","Main product/family photo","YES - one PNG","aluminium-ladder-4-step.png"
"Ladders & Sections","Aluminium ladder 5 step","ALD-5S","Main product/family photo","YES - one PNG","aluminium-ladder-5-step.png"
"Ladders & Sections","Aluminium ladder 6 step","ALD-6S","Main product/family photo","YES - one PNG","aluminium-ladder-6-step.png"
"Ladders & Sections","Aluminium ladder 7 step","ALD-7S","Main product/family photo","YES - one PNG","aluminium-ladder-7-step.png"
"Ladders & Sections","Telescopic Ladder 12 steps","TL-12S","Main product/family photo","YES - one PNG","telescopic-ladder-12-step.png"
"Ladders & Sections","Telescopic Ladder 15 steps","TL-15S","Main product/family photo","YES - one PNG","telescopic-ladder-15-step.png"
"Lifting Equipment","Anti-Abrasive Sleeve","ABBR-SLEEVE","Main product/family photo","YES - one PNG","anti-abrasive-sleeve.png"
"Lifting Equipment","Magnetic Lifter","MAGN-LIFT","Main product/family photo","YES - one PNG","magnetic-lifter.png"
"Lifting Equipment","Ratchet Lashing","RACH-LASH","Main product/family photo","YES - one PNG","ratchet-lash.png"
"Lifting Equipment","Webbing Sling","WEBB-SLING","10TON","YES - option PNG","webbing-sling--10ton.png"
"Lifting Equipment","Webbing Sling","WEBB-SLING","12TON","YES - option PNG","webbing-sling--12ton.png"
"Lifting Equipment","Webbing Sling","WEBB-SLING","1TON","YES - option PNG","webbing-sling--1ton.png"
"Lifting Equipment","Webbing Sling","WEBB-SLING","2TON","YES - option PNG","webbing-sling--2ton.png"
"Lifting Equipment","Webbing Sling","WEBB-SLING","3TON","YES - option PNG","webbing-sling--3ton.png"
"Lifting Equipment","Webbing Sling","WEBB-SLING","4TON","YES - option PNG","webbing-sling--4ton.png"
"Lifting Equipment","Webbing Sling","WEBB-SLING","5TON","YES - option PNG","webbing-sling--5ton.png"
"Lifting Equipment","Webbing Sling","WEBB-SLING","6TON","YES - option PNG","webbing-sling--6ton.png"
"Lifting Equipment","Webbing Sling","WEBB-SLING","8TON","YES - option PNG","webbing-sling--8ton.png"
"Lubricants & Sealants","Aerol Corrogard Wax Spray","AER-CORROGARD","Main product/family photo","YES - one PNG","aerol-corrogard-wax-spray.png"
"Lubricants & Sealants","Aerol Dye Penetrant","AER-DPT-PENETRANT","Main product/family photo","YES - one PNG","aerol-dye-penetrant.png"
"Lubricants & Sealants","Aerol Dye Penetrant Cleaner","AER-DPT-CLEANER","Main product/family photo","YES - one PNG","aerol-dye-penetrant-cleaner.png"
"Lubricants & Sealants","Aerol Dye Penetrant Developer","AER-DPT-DEVELOPER","Main product/family photo","YES - one PNG","aerol-dye-penetrant-developer.png"
"Lubricants & Sealants","Aerol Moly Spray","AER-MOLY","Main product/family photo","YES - one PNG","aerol-moly-spray.png"
"Lubricants & Sealants","Aerol Zinc Spray","AER-ZINC","Main product/family photo","YES - one PNG","aerol-zinc-spray.png"
"Lubricants & Sealants","OKS 451 Chain Lubricant","OKS-451","Main product/family photo","YES - one PNG","oks-451-chain-lubricant.png"
"Lubricants & Sealants","OKS 641 Maintenance Oil","OKS-641","Main product/family photo","YES - one PNG","oks-641-maintenance-oil.png"
"Lubricants & Sealants","Rustlick 631","RUS-631","Main product/family photo","YES - one PNG","rustlick-631.png"
"Lubricants & Sealants","Rustolene","RST","Main product/family photo","YES - one PNG","rustolene.png"
"Lubricants & Sealants","Spatter Nixe","STG-SPATTER-NIXE","Main product/family photo","YES - one PNG","spatter-nixe.png"
"Lubricants & Sealants","Star Gel","STG","Main product/family photo","YES - one PNG","star-gel.png"
"Lubricants & Sealants","WD 40","WD-40","Main product/family photo","YES - one PNG","wd-40.png"
"Lubricants & Sealants","WD-40 Specialist Contact Cleaner","WD40-CONTACT-CLEANER","Main product/family photo","YES - one PNG","wd-40-specialist-contact-cleaner.png"
"Lubricants & Sealants","Wesaf Premium Butane Gas","WES-BUTANE","Main product/family photo","YES - one PNG","wesaf-premium-butane-gas.png"
"Lubricants & Sealants","Wesaf Silicone Release Spray","WES-SILICONE-RELEASE","Main product/family photo","YES - one PNG","wesaf-silicone-release-spray.png"
"Measuring Instruments","Bore & Inspection Gauges","MI-012","Main product/family photo","YES - one PNG","bore-and-inspection-gauges.png"
"Measuring Instruments","Depth Micrometers","MI-008","Main product/family photo","YES - one PNG","depth-micrometers.png"
"Measuring Instruments","Dial Indicators","MI-010","Main product/family photo","YES - one PNG","dial-indicators.png"
"Measuring Instruments","Dial Test Indicators","MI-011","Main product/family photo","YES - one PNG","dial-test-indicators.png"
"Measuring Instruments","Digital Calipers","MI-002","Main product/family photo","YES - one PNG","digital-calipers.png"
"Measuring Instruments","Distance & Height Measuring Tools","MI-021","Main product/family photo","YES - one PNG","distance-and-height-measuring-tools.png"
"Measuring Instruments","Environmental Test Meters","MI-023","Main product/family photo","YES - one PNG","environmental-test-meters.png"
"Measuring Instruments","Gauge Block Sets","MI-017","Main product/family photo","YES - one PNG","gauge-block-sets.png"
"Measuring Instruments","Hardness Testers","MI-018","Main product/family photo","YES - one PNG","hardness-testers.png"
"Measuring Instruments","Height & Depth Gauges","MI-004","Main product/family photo","YES - one PNG","height-and-depth-gauges.png"
"Measuring Instruments","Industrial Borescopes","MI-026","Main product/family photo","YES - one PNG","industrial-borescopes.png"
"Measuring Instruments","Inside Micrometers","MI-009","Main product/family photo","YES - one PNG","inside-micrometers.png"
"Measuring Instruments","Laser Levels","MI-027","Main product/family photo","YES - one PNG","laser-levels.png"
"Measuring Instruments","Measuring Tapes","MI-020","Main product/family photo","YES - one PNG","measuring-tapes.png"
"Measuring Instruments","Measuring Wheels","MI-022","Main product/family photo","YES - one PNG","measuring-wheels.png"
"Measuring Instruments","Outside Micrometers","MI-005","Main product/family photo","YES - one PNG","outside-micrometers.png"
"Measuring Instruments","Radius Gauges","MI-019","Main product/family photo","YES - one PNG","radius-gauges.png"
"Measuring Instruments","Specialist Calipers","MI-003","Main product/family photo","YES - one PNG","specialist-calipers.png"
"Measuring Instruments","Specialist Micrometers","MI-006","Main product/family photo","YES - one PNG","specialist-micrometers.png"
"Measuring Instruments","Spirit & Digital Levels","MI-015","Main product/family photo","YES - one PNG","spirit-and-digital-levels.png"
"Measuring Instruments","Squares & Angle Tools","MI-014","Main product/family photo","YES - one PNG","squares-and-angle-tools.png"
"Measuring Instruments","Stands & Holders","MI-007","Main product/family photo","YES - one PNG","stands-and-holders.png"
"Measuring Instruments","Steel Rules & Straight Edges","MI-016","Main product/family photo","YES - one PNG","steel-rules-and-straight-edges.png"
"Measuring Instruments","Surface Roughness Testers","MI-025","Main product/family photo","YES - one PNG","surface-roughness-testers.png"
"Measuring Instruments","Thickness & Coating Testers","MI-024","Main product/family photo","YES - one PNG","thickness-and-coating-testers.png"
"Measuring Instruments","Thickness Gauges","MI-013","Main product/family photo","YES - one PNG","thickness-gauges.png"
"Measuring Instruments","Vernier & Dial Calipers","MI-001","Main product/family photo","YES - one PNG","vernier-and-dial-calipers.png"
"Packaging Material","Aluminium Tar Roll","PM-ATR","Main product/family photo","YES - one PNG","aluminium-tar-roll.png"
"Packaging Material","Black Mulching Sheet","PM-BMS","Main product/family photo","YES - one PNG","black-mulching-sheet.png"
"Packaging Material","Blue Packing Roll","PM-BLR","Main product/family photo","YES - one PNG","blue-roll.png"
"Packaging Material","BOPP Packing Tape","PM-BOPP","Main product/family photo","YES - one PNG","bopp-tape.png"
"Packaging Material","Bubble Sheet","PM-BBS","Main product/family photo","YES - one PNG","bubble-sheet.png"
"Packaging Material","Fiber Mesh","PM-FBM","Main product/family photo","YES - one PNG","fiber-mesh.png"
"Packaging Material","Floor Marking Tape","PM-FMT","Main product/family photo","YES - one PNG","packing-floor-marking-tape.png"
"Packaging Material","Masking Tape","PM-MST","Main product/family photo","YES - one PNG","packing-masking-tape.png"
"Packaging Material","PP Packing Strap","PM-PPS","Main product/family photo","YES - one PNG","pp-strap.png"
"Packaging Material","PTFE Thread Seal Tape","PM-PTF","Main product/family photo","YES - one PNG","packing-ptfe-thread-seal-tape.png"
"Packaging Material","Stretch Film","PM-STF","Main product/family photo","YES - one PNG","stretch-film.png"
"Packaging Material","Tar Roll","PM-TAR","Main product/family photo","YES - one PNG","tar-roll.png"
"Packaging Material","Weed Mat","PM-WMT","Main product/family photo","YES - one PNG","weed-mat.png"
"Packaging Material","White Foam Roll","PM-WFR","Main product/family photo","YES - one PNG","white-foam-roll.png"
"Pneumatic & Brass Fittings","Air Die Grinder and Driller","PBF-037","Main product/family photo","YES - one PNG","pbf-air-die-grinder-and-driller.png"
"Pneumatic & Brass Fittings","Air Hammer","PBF-043","Main product/family photo","YES - one PNG","pbf-air-hammer.png"
"Pneumatic & Brass Fittings","Air Nailer","PBF-044","Main product/family photo","YES - one PNG","pbf-air-nailer.png"
"Pneumatic & Brass Fittings","Air Sander and Nailer","PBF-038","Main product/family photo","YES - one PNG","pbf-air-sander-and-nailer.png"
"Pneumatic & Brass Fittings","Air Screwdriver, Paint Gun, Hammer and Labour Saving Wrench","PBF-040","Main product/family photo","YES - one PNG","pbf-air-screwdriver-paint-gun-hammer-and-labour-saving-wrench.png"
"Pneumatic & Brass Fittings","Akari One Touch Fittings","PBF-035","Main product/family photo","YES - one PNG","pbf-akari-one-touch-fittings.png"
"Pneumatic & Brass Fittings","ATAM Stainless Steel Ball Valves","PBF-034","Main product/family photo","YES - one PNG","pbf-atam-stainless-steel-ball-valves.png"
"Pneumatic & Brass Fittings","Brass Compression Fittings","PBF-002","Main product/family photo","YES - one PNG","pbf-brass-compression-fittings.png"
"Pneumatic & Brass Fittings","Brass Compressor & Tyre Parts","PBF-007","Main product/family photo","YES - one PNG","pbf-brass-compressor-and-tyre-parts.png"
"Pneumatic & Brass Fittings","Brass Fasteners","PBF-001","Main product/family photo","YES - one PNG","pbf-brass-fasteners.png"
"Pneumatic & Brass Fittings","Brass Flare Fittings","PBF-008","Main product/family photo","YES - one PNG","pbf-brass-flare-fittings.png"
"Pneumatic & Brass Fittings","Brass Gas & Welding Parts","PBF-009","Main product/family photo","YES - one PNG","pbf-brass-gas-and-welding-parts.png"
"Pneumatic & Brass Fittings","Brass Grease Fittings","PBF-010","Main product/family photo","YES - one PNG","pbf-brass-grease-fittings.png"
"Pneumatic & Brass Fittings","Brass Hose Fittings","PBF-004","Main product/family photo","YES - one PNG","pbf-brass-hose-fittings.png"
"Pneumatic & Brass Fittings","Brass Pipe Fittings","PBF-003","Main product/family photo","YES - one PNG","pbf-brass-pipe-fittings.png"
"Pneumatic & Brass Fittings","Brass Pneumatic Fittings","PBF-005","Main product/family photo","YES - one PNG","pbf-brass-pneumatic-fittings.png"
"Pneumatic & Brass Fittings","Brass Valves & Cocks","PBF-006","Main product/family photo","YES - one PNG","pbf-brass-valves-and-cocks.png"
"Pneumatic & Brass Fittings","Cylinder Sensors & Switches","PBF-015","Main product/family photo","YES - one PNG","pbf-cylinder-sensors-and-switches.png"
"Pneumatic & Brass Fittings","Flow & Speed Control Valves","PBF-022","Main product/family photo","YES - one PNG","pbf-flow-and-speed-control-valves.png"
"Pneumatic & Brass Fittings","Foam Gun, Rivet Gun and Air Hose Reel","PBF-039","Main product/family photo","YES - one PNG","pbf-foam-gun-rivet-gun-and-air-hose-reel.png"
"Pneumatic & Brass Fittings","Foot Operated Valves","PBF-019","Main product/family photo","YES - one PNG","pbf-foot-operated-valves.png"
"Pneumatic & Brass Fittings","Impact Wrench","PBF-036","Main product/family photo","YES - one PNG","pbf-impact-wrench.png"
"Pneumatic & Brass Fittings","Industrial Pneumatic Valves","PBF-018","Main product/family photo","YES - one PNG","pbf-industrial-pneumatic-valves.png"
"Pneumatic & Brass Fittings","Industrial Quick Release Couplings","PBF-031","Main product/family photo","YES - one PNG","pbf-industrial-quick-release-couplings.png"
"Pneumatic & Brass Fittings","Manual & Mechanical Valves","PBF-025","Main product/family photo","YES - one PNG","pbf-manual-and-mechanical-valves.png"
"Pneumatic & Brass Fittings","Paint Tank","PBF-045","Main product/family photo","YES - one PNG","pbf-paint-tank.png"
"Pneumatic & Brass Fittings","Pneumatic Connectors & Fittings","PBF-013","Main product/family photo","YES - one PNG","pbf-pneumatic-connectors-and-fittings.png"
"Pneumatic & Brass Fittings","Pneumatic Cylinders & Spares","PBF-014","Main product/family photo","YES - one PNG","pbf-pneumatic-cylinders-and-spares.png"
"Pneumatic & Brass Fittings","Pneumatic Filters & Elements","PBF-012","Main product/family photo","YES - one PNG","pbf-pneumatic-filters-and-elements.png"
"Pneumatic & Brass Fittings","Pneumatic Fitting, Tube and Air Chuck","PBF-042","Main product/family photo","YES - one PNG","pbf-pneumatic-fitting-tube-and-air-chuck.png"
"Pneumatic & Brass Fittings","Pneumatic FRL Units","PBF-026","Main product/family photo","YES - one PNG","pbf-pneumatic-frl-units.png"
"Pneumatic & Brass Fittings","Pneumatic Logic & Check Valves","PBF-024","Main product/family photo","YES - one PNG","pbf-pneumatic-logic-and-check-valves.png"
"Pneumatic & Brass Fittings","Pneumatic Lubricators","PBF-027","Main product/family photo","YES - one PNG","pbf-pneumatic-lubricators.png"
"Pneumatic & Brass Fittings","Pneumatic Manifolds","PBF-011","Main product/family photo","YES - one PNG","pbf-pneumatic-manifolds.png"
"Pneumatic & Brass Fittings","Pneumatic Regulators","PBF-016","Main product/family photo","YES - one PNG","pbf-pneumatic-regulators.png"
"Pneumatic & Brass Fittings","Pneumatic Silencers","PBF-021","Main product/family photo","YES - one PNG","pbf-pneumatic-silencers.png"
"Pneumatic & Brass Fittings","Pneumatic Special Tool","PBF-041","Main product/family photo","YES - one PNG","pbf-pneumatic-special-tool.png"
"Pneumatic & Brass Fittings","Pneumatic Tubes","PBF-023","Main product/family photo","YES - one PNG","pbf-pneumatic-tubes.png"
"Pneumatic & Brass Fittings","Pressure Gauges","PBF-017","Main product/family photo","YES - one PNG","pbf-pressure-gauges.png"
"Pneumatic & Brass Fittings","Solenoid Valves & Coils","PBF-020","Main product/family photo","YES - one PNG","pbf-solenoid-valves-and-coils.png"
"Pneumatic & Brass Fittings","SRP Brass Ball Valves","PBF-032","Main product/family photo","YES - one PNG","pbf-srp-brass-ball-valves.png"
"Pneumatic & Brass Fittings","Stainless Steel Pipe Fittings","PBF-033","Main product/family photo","YES - one PNG","pbf-stainless-steel-pipe-fittings.png"
"Pneumatic & Brass Fittings","Techno Pneumatic Components","PBF-029","Main product/family photo","YES - one PNG","pbf-techno-pneumatic-components.png"
"Pneumatic & Brass Fittings","Techno Pneumatic Valves","PBF-030","Main product/family photo","YES - one PNG","pbf-techno-pneumatic-valves.png"
"Pneumatic & Brass Fittings","Techno Solenoid Valves","PBF-028","Main product/family photo","YES - one PNG","pbf-techno-solenoid-valves.png"
"Power Tools","11E Breaker Chisel","PTA-11E-BREAKER-CHISEL","Chisels - 18X400 FLAT","YES - model/option PNG","power-tools-accessories-11e-breaker-chisel--18x400-flat.png"
"Power Tools","11E Breaker Chisel","PTA-11E-BREAKER-CHISEL","Chisels - 18X400 POINT","YES - model/option PNG","power-tools-accessories-11e-breaker-chisel--18x400-point.png"
"Power Tools","11E Breaker Chisel","PTA-11E-BREAKER-CHISEL","Chisels - 18X600 FLAT","YES - model/option PNG","power-tools-accessories-11e-breaker-chisel--18x600-flat.png"
"Power Tools","11E Breaker Chisel","PTA-11E-BREAKER-CHISEL","Chisels - 18X600 POINT","YES - model/option PNG","power-tools-accessories-11e-breaker-chisel--18x600-point.png"
"Power Tools","2-26 Rotary Hammer Chisel","PTA-2-26-ROTARY-HAMMER","Chisels - 14X250 FLAT 20MM","YES - model/option PNG","power-tools-accessories-2-26-rotary-hammer-chisel--14x250-flat-20mm.png"
"Power Tools","2-26 Rotary Hammer Chisel","PTA-2-26-ROTARY-HAMMER","Chisels - 14X250 FLAT 50MM","YES - model/option PNG","power-tools-accessories-2-26-rotary-hammer-chisel--14x250-flat-50mm.png"
"Power Tools","2-26 Rotary Hammer Chisel","PTA-2-26-ROTARY-HAMMER","Chisels - 14X250 PIONT","YES - model/option PNG","power-tools-accessories-2-26-rotary-hammer-chisel--14x250-piont.png"
"Power Tools","5Kg/7Kg Breaker Chisel","PTA-5KG-7KG-BREAKER-CH","Chisels - 17X280 FLAT","YES - model/option PNG","power-tools-accessories-5kg-7kg-breaker-chisel--17x280-flat.png"
"Power Tools","5Kg/7Kg Breaker Chisel","PTA-5KG-7KG-BREAKER-CH","Chisels - 17X280 POINT","YES - model/option PNG","power-tools-accessories-5kg-7kg-breaker-chisel--17x280-point.png"
"Power Tools","5Kg/7Kg Breaker Chisel","PTA-5KG-7KG-BREAKER-CH","Chisels - 17X400 FLAT","YES - model/option PNG","power-tools-accessories-5kg-7kg-breaker-chisel--17x400-flat.png"
"Power Tools","5Kg/7Kg Breaker Chisel","PTA-5KG-7KG-BREAKER-CH","Chisels - 17X400 POINT","YES - model/option PNG","power-tools-accessories-5kg-7kg-breaker-chisel--17x400-point.png"
"Power Tools","Ab Washers","PTS-AB-WASHERS","Angle Grinders - 4"" AB WASHER","YES - model/option PNG","power-tools-spare-parts-ab-washer--4-ab-washer.png"
"Power Tools","Abrasive Pad Scotch Brite","PTA-ABRASIVE-PAD-SCOTC","Cumi - CUMI CX 01 152X229 MM","YES - model/option PNG","power-tools-accessories-abrasive-pad-scotch-brite--cumi-cx-01-152x229-mm.png"
"Power Tools","Air Compressors","PT-AIR-COMPRESSORS","Tuqo - AIR COMPRESSOR LK09OF 9L 1440RPM , 105L/MIN","YES - model/option PNG","air-compressor--air-compressor-lk09of-9l-1440rpm-105l-min.png"
"Power Tools","Air Compressors","PT-AIR-COMPRESSORS","Tuqo - AIR COMPRESSOR LK25DB 25L 2850RPM , 185L/MIN , 2.5HP","YES - model/option PNG","air-compressor--air-compressor-lk25db-25l-2850rpm-185l-min-2-5hp.png"
"Power Tools","Angle Grinders","PT-ANGLE-GRINDERS","Bosch - AG4 GWS 600","YES - model/option PNG","angle-grinder--ag4-gws-600.png"
"Power Tools","Angle Grinders","PT-ANGLE-GRINDERS","Bosch - AG4 GWS 800","YES - model/option PNG","angle-grinder--ag4-gws-800.png"
"Power Tools","Angle Grinders","PT-ANGLE-GRINDERS","Bosch - AG4 WS 650","YES - model/option PNG","angle-grinder--ag4-ws-650.png"
"Power Tools","Angle Grinders","PT-ANGLE-GRINDERS","Bosch - AG5 GWS 12-125S","YES - model/option PNG","angle-grinder--ag5-gws-12-125s.png"
"Power Tools","Angle Grinders","PT-ANGLE-GRINDERS","Bosch - AG5 GWS 6-125","YES - model/option PNG","angle-grinder--ag5-gws-6-125.png"
"Power Tools","Angle Grinders","PT-ANGLE-GRINDERS","Bosch - AG5 GWS 900-125S","YES - model/option PNG","angle-grinder--ag5-gws-900-125s.png"
"Power Tools","Angle Grinders","PT-ANGLE-GRINDERS","Bosch - AG7 GWS2200-180","YES - model/option PNG","angle-grinder--ag7-gws2200-180.png"
"Power Tools","Angle Grinders","PT-ANGLE-GRINDERS","Bosch - CAR POLISHING GPO 11-180 S","YES - model/option PNG","angle-grinder--car-polishing-gpo-11-180-s.png"
"Power Tools","Angle Grinders","PT-ANGLE-GRINDERS","Bosch - GWS 900-100","YES - model/option PNG","angle-grinder--gws-900-100.png"
"Power Tools","Angle Grinders","PT-ANGLE-GRINDERS","Dewalt - 4"" ANGLE GRINDER","YES - model/option PNG","angle-grinder--4-angle-grinder.png"
"Power Tools","Angle Grinders","PT-ANGLE-GRINDERS","Dewalt - 4"" ANGLE GRINDER","YES - model/option PNG","angle-grinder--4-angle-grinder.png"
"Power Tools","Angle Grinders","PT-ANGLE-GRINDERS","Dewalt - 4"" ANGLE GRINDER","YES - model/option PNG","angle-grinder--4-angle-grinder.png"
"Power Tools","Angle Grinders","PT-ANGLE-GRINDERS","Dewalt - 4"" ANGLE GRINDER","YES - model/option PNG","angle-grinder--4-angle-grinder.png"
"Power Tools","Angle Grinders","PT-ANGLE-GRINDERS","Dewalt - 5"" ANGLE GRINDER","YES - model/option PNG","angle-grinder--5-angle-grinder.png"
"Power Tools","Angle Grinders","PT-ANGLE-GRINDERS","Dewalt - 5"" ANGLE GRINDER","YES - model/option PNG","angle-grinder--5-angle-grinder.png"
"Power Tools","Angle Grinders","PT-ANGLE-GRINDERS","Dongcheng - ANGLE GRINDER 4"" BACK SWITCH","YES - model/option PNG","angle-grinder--angle-grinder-4-back-switch.png"
"Power Tools","Angle Grinders","PT-ANGLE-GRINDERS","Dongcheng - ANGLE GRINDER 4"" BACK SWITCH","YES - model/option PNG","angle-grinder--angle-grinder-4-back-switch.png"
"Power Tools","Angle Grinders","PT-ANGLE-GRINDERS","Dongcheng - ANGLE GRINDER 4"" SIDE SWITCH","YES - model/option PNG","angle-grinder--angle-grinder-4-side-switch.png"
"Power Tools","Angle Grinders","PT-ANGLE-GRINDERS","Dongcheng - ANGLE GRINDER 5""","YES - model/option PNG","angle-grinder--angle-grinder-5.png"
"Power Tools","Angle Grinders","PT-ANGLE-GRINDERS","Dongcheng - ANGLE GRINDER 7""","YES - model/option PNG","angle-grinder--angle-grinder-7.png"
"Power Tools","Angle Grinders","PT-ANGLE-GRINDERS","Galaxy Pro - ANGLE GRINDER","YES - model/option PNG","angle-grinder--angle-grinder.png"
"Power Tools","Angle Grinders","PT-ANGLE-GRINDERS","Jon Bhandari - ANGLE GRINDER","YES - model/option PNG","angle-grinder--angle-grinder.png"
"Power Tools","Angle Grinders","PT-ANGLE-GRINDERS","Makita - ANGLE GRINDER 4""","YES - model/option PNG","angle-grinder--angle-grinder-4.png"
"Power Tools","Angle Grinders","PT-ANGLE-GRINDERS","Makita - ANGLE GRINDER 4""","YES - model/option PNG","angle-grinder--angle-grinder-4.png"
"Power Tools","Angle Grinders","PT-ANGLE-GRINDERS","Powerbilt - AG4 BACK SWITCH","YES - model/option PNG","angle-grinder--ag4-back-switch.png"
"Power Tools","Angle Grinders","PT-ANGLE-GRINDERS","Pro Maxx - 4"" ANGLE GRINDER BACK SWITH","YES - model/option PNG","angle-grinder--4-angle-grinder-back-swith.png"
"Power Tools","Angle Grinders","PT-ANGLE-GRINDERS","Professional - 4"" ANGLE GRINDER BACK SWITCH","YES - model/option PNG","angle-grinder--4-angle-grinder-back-switch.png"
"Power Tools","Angle Grinders","PT-ANGLE-GRINDERS","Ultra Touch - ANGLE GRINDER","YES - model/option PNG","angle-grinder--angle-grinder.png"
"Power Tools","Angle Grinders","PT-ANGLE-GRINDERS","Ultra Touch - ANGLE GRINDER","YES - model/option PNG","angle-grinder--angle-grinder.png"
"Power Tools","Angle Grinders","PT-ANGLE-GRINDERS","Ultrafast - ANGLE GRINDER 4""","YES - model/option PNG","angle-grinder--angle-grinder-4.png"
"Power Tools","Arc Welding Machines","PT-ARC-WELDING-MACHIN","Toshweld - ARC 200","YES - model/option PNG","arc-welding-machine--arc-200.png"
"Power Tools","Arc Welding Machines","PT-ARC-WELDING-MACHIN","Toshweld - ARC 200 G","YES - model/option PNG","arc-welding-machine--arc-200-g.png"
"Power Tools","Arc Welding Machines","PT-ARC-WELDING-MACHIN","Toshweld - ARC 200 NANO","YES - model/option PNG","arc-welding-machine--arc-200-nano.png"
"Power Tools","Arc Welding Machines","PT-ARC-WELDING-MACHIN","Toshweld - ARC 250 NANO","YES - model/option PNG","arc-welding-machine--arc-250-nano.png"
"Power Tools","Arc Welding Machines","PT-ARC-WELDING-MACHIN","Toshweld - ARC 250 ST","YES - model/option PNG","arc-welding-machine--arc-250-st.png"
"Power Tools","Arc Welding Machines","PT-ARC-WELDING-MACHIN","Toshweld - ARC 300","YES - model/option PNG","arc-welding-machine--arc-300.png"
"Power Tools","Arc Welding Machines","PT-ARC-WELDING-MACHIN","Toshweld - ARC 300 L","YES - model/option PNG","arc-welding-machine--arc-300-l.png"
"Power Tools","Arc Welding Machines","PT-ARC-WELDING-MACHIN","Toshweld - ARC 400 T","YES - model/option PNG","arc-welding-machine--arc-400-t.png"
"Power Tools","Backup Pads","PTA-BACKUP-PADS","Jon Bhandari - BACKUP PAD FOR FIBER DISC","YES - model/option PNG","power-tools-accessories-backup-pad--backup-pad-for-fiber-disc.png"
"Power Tools","Backup Pads","PTA-BACKUP-PADS","Jon Bhandari - BACKUP PAD FOR VELCRO DISC","YES - model/option PNG","power-tools-accessories-backup-pad--backup-pad-for-velcro-disc.png"
"Power Tools","Battery Cum Manual Sprayers","PT-BATTERY-CUM-MANUAL","Kisan Kraft - SPRAYER 18L 318","YES - model/option PNG","battery-cum-manual-sprayer--sprayer-18l-318.png"
"Power Tools","Battery Operated Sprayers","PT-BATTERY-OPERATED-S","Kisan Kraft - BATTERY SPRAYER 12L 312","YES - model/option PNG","battery-operated-sprayer--battery-sprayer-12l-312.png"
"Power Tools","Battery Operated Sprayers","PT-BATTERY-OPERATED-S","Kisan Kraft - BATTERY SPRAYER 18L 185","YES - model/option PNG","battery-operated-sprayer--battery-sprayer-18l-185.png"
"Power Tools","Battery Operated Sprayers","PT-BATTERY-OPERATED-S","Kisan Kraft - BATTERY SPRAYER 18L 199","YES - model/option PNG","battery-operated-sprayer--battery-sprayer-18l-199.png"
"Power Tools","Battery/Cordless Impact Drilling Machines","PT-BATTERY-CORDLESS-I","Dongcheng - CRODLESS IMPACT DRILL","YES - model/option PNG","battery-cordless-impact-drilling-machine--crodless-impact-drill.png"
"Power Tools","Battery/Cordless Impact Wrench","PT-BATTERY-CORDLESS-I","Dongcheng - CORDLESS IMPACT WRENCH","YES - model/option PNG","battery-cordless-impact-wrench--cordless-impact-wrench.png"
"Power Tools","Battery/Cordless Impact Wrench","PT-BATTERY-CORDLESS-I","Dongcheng - CORDLESS IMPACT WRENCH","YES - model/option PNG","battery-cordless-impact-wrench--cordless-impact-wrench.png"
"Power Tools","Battery/Cordless Impact Wrench","PT-BATTERY-CORDLESS-I","Dongcheng - CORDLESS IMPACT WRENCH","YES - model/option PNG","battery-cordless-impact-wrench--cordless-impact-wrench.png"
"Power Tools","Battery/Cordless Screwdriver Machines","PT-BATTERY-CORDLESS-S","Dongcheng - CRODLESS SCREWDRIVER DRILL 35NM","YES - model/option PNG","battery-cordless-screwdriver-machine--crodless-screwdriver-drill-35nm.png"
"Power Tools","Bimetal Hole Saw","PTA-BIMETAL-HOLE-SAW","Makita - BIMETAL HOLE SAW 32MM","YES - model/option PNG","power-tools-accessories-bimetal-hole-saw--bimetal-hole-saw-32mm.png"
"Power Tools","Bimetal Hole Saw","PTA-BIMETAL-HOLE-SAW","Makita - BIMETAL HOLE SAW 64MM","YES - model/option PNG","power-tools-accessories-bimetal-hole-saw--bimetal-hole-saw-64mm.png"
"Power Tools","Bimetal Hole Saw","PTA-BIMETAL-HOLE-SAW","Makita - HOLE SAW ARBOUR","YES - model/option PNG","power-tools-accessories-bimetal-hole-saw--hole-saw-arbour.png"
"Power Tools","Blower","PT-BLOWER","Guster - BLOWER","YES - model/option PNG","blower--blower.png"
"Power Tools","Brush Cutter","PT-BRUSH-CUTTER","Tuqo - BRUSH CUTTER 52CC GBS340","YES - model/option PNG","brush-cutter--brush-cutter-52cc-gbs340.png"
"Power Tools","Car Polishing Machine","PT-CAR-POLISHING-MACH","Powerbilt - CAR POLISHING MACHINE 7""","YES - model/option PNG","car-polishing-machine--car-polishing-machine-7.png"
"Power Tools","Carbon Brushes","PTS-CARBON-BRUSHES","Angle Grinders - CARBON BRUSH","YES - model/option PNG","power-tools-spare-parts-carbon-brushes--carbon-brush.png"
"Power Tools","Carbon Brushes","PTS-CARBON-BRUSHES","Angle Grinders - CARBON BRUSH BOSCH","YES - model/option PNG","power-tools-spare-parts-carbon-brushes--carbon-brush-bosch.png"
"Power Tools","Carbon Brushes","PTS-CARBON-BRUSHES","Angle Grinders - CARBON BRUSH BOSCH","YES - model/option PNG","power-tools-spare-parts-carbon-brushes--carbon-brush-bosch.png"
"Power Tools","Carbon Brushes","PTS-CARBON-BRUSHES","Angle Grinders - CARBON BRUSH BOSCH 1.619.P11.715","YES - model/option PNG","power-tools-spare-parts-carbon-brushes--carbon-brush-bosch-1-619-p11-715.png"
"Power Tools","Carbon Brushes","PTS-CARBON-BRUSHES","Angle Grinders - CARBON BRUSH N489912","YES - model/option PNG","power-tools-spare-parts-carbon-brushes--carbon-brush-n489912.png"
"Power Tools","Carbon Brushes","PTS-CARBON-BRUSHES","Angle Grinders - SPARE BATTERY","YES - model/option PNG","power-tools-spare-parts-carbon-brushes--spare-battery.png"
"Power Tools","Chain Saws","PT-CHAIN-SAWS","Tuqo - CHAIN SAW 62CC KN1862","YES - model/option PNG","chain-saw--chain-saw-62cc-kn1862.png"
"Power Tools","Chainsaw Chain","PTA-CHAINSAW-CHAIN","Himax - CHAINSAW CHAIN 18""","YES - model/option PNG","power-tools-accessories-chainsaw-chain--chainsaw-chain-18.png"
"Power Tools","Chainsaw Chain","PTA-CHAINSAW-CHAIN","Raj Xtreme - CHAIN SAW CHAIN 18""","YES - model/option PNG","power-tools-accessories-chainsaw-chain--chain-saw-chain-18.png"
"Power Tools","Chainsaw Chain 18""","PTA-CHAINSAW-CHAIN-18","Powermatic - POWERMATIC CHAIN","YES - model/option PNG","power-tools-accessories-chainsaw-chain-18--powermatic-chain.png"
"Power Tools","Chainsaws","PT-CHAINSAWS","Mitsuki - CHAINSAW 18"" MI30","YES - model/option PNG","chainsaws--chainsaw-18-mi30.png"
"Power Tools","Concrete Core Bits","PTA-CONCRETE-CORE-BITS","Ultrafast - CONCRETE COR BIT 35MM","YES - model/option PNG","power-tools-accessories-concrete-core-bit--concrete-cor-bit-35mm.png"
"Power Tools","Concrete Cutter","PTA-CONCRETE-CUTTER","Ultrafast - 4"" CONCRETE TURBO (BLK)","YES - model/option PNG","power-tools-accessories-concrete-cutter--4-concrete-turbo-blk.png"
"Power Tools","Concrete Cutter","PTA-CONCRETE-CUTTER","Ultrafast - 5"" CONCRETE TURBO (BLK)","YES - model/option PNG","power-tools-accessories-concrete-cutter--5-concrete-turbo-blk.png"
"Power Tools","Concrete Vibrator","PT-CONCRETE-VIBRATOR","Dongcheng - CONCRETE VIBRATOR","YES - model/option PNG","concrete-vibrator--concrete-vibrator.png"
"Power Tools","Concrete Vibrator","PT-CONCRETE-VIBRATOR","Powerbilt - CONCRETE VIBRATOR","YES - model/option PNG","concrete-vibrator--concrete-vibrator.png"
"Power Tools","Concrete Vibrator Needle","PTA-CONCRETE-VIBRATOR-","Dongcheng - VIBRATOR NEEDLE 1.5MX35mm","YES - model/option PNG","power-tools-accessories-concrete-vibrator-needle--vibrator-needle-1-5mx35mm.png"
"Power Tools","Concrete Vibrator Needle","PTA-CONCRETE-VIBRATOR-","Dongcheng - VIBRATOR NEEDLE 3MX35mm","YES - model/option PNG","power-tools-accessories-concrete-vibrator-needle--vibrator-needle-3mx35mm.png"
"Power Tools","Cordless Blower","PT-CORDLESS-BLOWER","Chinese Generic - CORDLESS BLOWER VIOLENT BLACK","YES - model/option PNG","cordless-blower--cordless-blower-violent-black.png"
"Power Tools","Cordless Blower","PT-CORDLESS-BLOWER","Chinese Generic - CORDLESS BLOWER VIOLENT BLUE","YES - model/option PNG","cordless-blower--cordless-blower-violent-blue.png"
"Power Tools","Cordless Blower","PT-CORDLESS-BLOWER","Chinese Generic - CORDLESS LEAF BLOWER BLUE 2 BATTERY","YES - model/option PNG","cordless-blower--cordless-leaf-blower-blue-2-battery.png"
"Power Tools","Cordless Blower","PT-CORDLESS-BLOWER","Tuqo - CORDLESS BLOWER ABL70","YES - model/option PNG","cordless-blower--cordless-blower-abl70.png"
"Power Tools","Cordless Brush Cutter","PT-CORDLESS-BRUSH-CUT","Chinese Generic - CORDLESS BRUSH CUTTER","YES - model/option PNG","cordless-brush-cutter--cordless-brush-cutter.png"
"Power Tools","Cordless Brush Cutter","PT-CORDLESS-BRUSH-CUT","Chinese Generic - CORDLESS BRUSH CUTTER (W/O) JP PLASTIC","YES - model/option PNG","cordless-brush-cutter--cordless-brush-cutter-w-o-jp-plastic.png"
"Power Tools","Cordless Chainsaw","PT-CORDLESS-CHAINSAW","Chinese Generic - CHAINSAW(WO)","YES - model/option PNG","cordless-chainsaw--chainsaw-wo.png"
"Power Tools","Cordless Drilling Machines","PT-CORDLESS-DRILLING-","Bosch - GBH185LI BRUSHLESS","YES - model/option PNG","cordless-drilling-machine--gbh185li-brushless.png"
"Power Tools","Cordless Drilling Machines","PT-CORDLESS-DRILLING-","Bosch - GSB185","YES - model/option PNG","cordless-drilling-machine--gsb185.png"
"Power Tools","Cordless Drilling Machines","PT-CORDLESS-DRILLING-","Bosch - GSR120 LI (SINGLE BATTERY)","YES - model/option PNG","cordless-drilling-machine--gsr120-li-single-battery.png"
"Power Tools","Cordless Drilling Machines","PT-CORDLESS-DRILLING-","Bosch - GSR120 LI KIT","YES - model/option PNG","cordless-drilling-machine--gsr120-li-kit.png"
"Power Tools","Cordless Drilling Machines","PT-CORDLESS-DRILLING-","Bosch - GST 90 BE","YES - model/option PNG","cordless-drilling-machine--gst-90-be.png"
"Power Tools","Cordless Drilling Machines","PT-CORDLESS-DRILLING-","Mitsuki - CORDLESS IMPACT DRILL MI57","YES - model/option PNG","cordless-drilling-machine--cordless-impact-drill-mi57.png"
"Power Tools","Cordless Drilling Machines","PT-CORDLESS-DRILLING-","Mitsuki - CORDLESS IMPACT WRENCH MI62 KIT","YES - model/option PNG","cordless-drilling-machine--cordless-impact-wrench-mi62-kit.png"
"Power Tools","Cordless Drilling Machines","PT-CORDLESS-DRILLING-","Powerbilt - CORDLESS IMPACT DRILL","YES - model/option PNG","cordless-drilling-machine--cordless-impact-drill.png"
"Power Tools","Cordless Drilling Machines","PT-CORDLESS-DRILLING-","Powerbilt - CORDLESS IMPACT DRILL","YES - model/option PNG","cordless-drilling-machine--cordless-impact-drill.png"
"Power Tools","Cordless Drilling Machines","PT-CORDLESS-DRILLING-","Powerbilt - CORDLESS IMPACT DRILL","YES - model/option PNG","cordless-drilling-machine--cordless-impact-drill.png"
"Power Tools","Cordless Drilling Machines","PT-CORDLESS-DRILLING-","Powerbilt - CORDLESS IMPACT DRIVER","YES - model/option PNG","cordless-drilling-machine--cordless-impact-driver.png"
"Power Tools","Cordless Drilling Machines","PT-CORDLESS-DRILLING-","Powerbilt - CORDLESS IMPACT WRENCH","YES - model/option PNG","cordless-drilling-machine--cordless-impact-wrench.png"
"Power Tools","Cordless Drilling Machines","PT-CORDLESS-DRILLING-","Powerbilt - CORDLESS IMPACT WRENCH","YES - model/option PNG","cordless-drilling-machine--cordless-impact-wrench.png"
"Power Tools","Cordless Drilling Machines","PT-CORDLESS-DRILLING-","Pro Cut - 12V CORDLESS DRILL/SCREWDRIVER","YES - model/option PNG","cordless-drilling-machine--12v-cordless-drill-screwdriver.png"
"Power Tools","Cordless Drilling Machines","PT-CORDLESS-DRILLING-","Tuqo - CORDLESS IMPACT DRILL AH150","YES - model/option PNG","cordless-drilling-machine--cordless-impact-drill-ah150.png"
"Power Tools","Cordless Drilling Machines","PT-CORDLESS-DRILLING-","Tuqo - CORDLESS IMPACT DRILL AS120","YES - model/option PNG","cordless-drilling-machine--cordless-impact-drill-as120.png"
"Power Tools","Cordless Drills","PT-CORDLESS-DRILLS","Xlnt - IMPACT DRILL SET XTCDIDK214","YES - model/option PNG","cordless-drill--impact-drill-set-xtcdidk214.png"
"Power Tools","Cordless Drills","PT-CORDLESS-DRILLS","Xlnt - SCREWDRIVER DRILL XTCDKMC284 METAL CHUCK","YES - model/option PNG","cordless-drill--screwdriver-drill-xtcdkmc284-metal-chuck.png"
"Power Tools","Cordless Drills","PT-CORDLESS-DRILLS","Xlnt - SCREWDRIVER DRILL XTCDS-126","YES - model/option PNG","cordless-drill--screwdriver-drill-xtcds-126.png"
"Power Tools","Cordless Pressure Washer","PT-CORDLESS-PRESSURE-","Chinese Generic - CORDLESS PRESSURE WASHER BLACK","YES - model/option PNG","cordless-pressure-washer--cordless-pressure-washer-black.png"
"Power Tools","Cordless Pressure Washer","PT-CORDLESS-PRESSURE-","Chinese Generic - CORDLESS PRESSURE WASHER BLUE","YES - model/option PNG","cordless-pressure-washer--cordless-pressure-washer-blue.png"
"Power Tools","Cordless Pressure Washer","PT-CORDLESS-PRESSURE-","Maf Pro - CORDLESS PRESSURE WASHER","YES - model/option PNG","cordless-pressure-washer--cordless-pressure-washer.png"
"Power Tools","Cordless Pruner","PT-CORDLESS-PRUNER","Tuqo - CORDLESS PRUNER ACG130","YES - model/option PNG","cordless-pruner--cordless-pruner-acg130.png"
"Power Tools","Cordless Rotary Hammer","PT-CORDLESS-ROTARY-HA","Tuqo - CORDLESS grinding MACHINE ACW440","YES - model/option PNG","cordless-rotary-hammer--cordless-grinding-machine-acw440.png"
"Power Tools","Cordless Rotary Hammer","PT-CORDLESS-ROTARY-HA","Tuqo - CORDLESS IMPACT WRENCH KIT AZR210","YES - model/option PNG","cordless-rotary-hammer--cordless-impact-wrench-kit-azr210.png"
"Power Tools","Cordless Rotary Hammer","PT-CORDLESS-ROTARY-HA","Tuqo - CORDLESS ROTARY HAMMER 26MM ABH800","YES - model/option PNG","cordless-rotary-hammer--cordless-rotary-hammer-26mm-abh800.png"
"Power Tools","Cordless Storm Blower","PT-CORDLESS-STORM-BLO","Maf Pro - CORDLESS STORM BLOWER","YES - model/option PNG","cordless-storm-blower--cordless-storm-blower.png"
"Power Tools","Cordless Vaccum Cleaner","PT-CORDLESS-VACCUM-CL","Chinese Generic - CORDLESS VACCUM CLEANER","YES - model/option PNG","cordless-vaccum-cleaner--cordless-vaccum-cleaner.png"
"Power Tools","Cordlss Angle Grinder","PT-CORDLSS-ANGLE-GRIN","Powerbilt - CORDLESS ANGLE GRINDER","YES - model/option PNG","cordlss-angle-grinder--cordless-angle-grinder.png"
"Power Tools","Corldess Tile Vibrator","PT-CORLDESS-TILE-VIBR","Powerbilt - CORDLESS TILE VIBRATOR","YES - model/option PNG","corldess-tile-vibrator--cordless-tile-vibrator.png"
"Power Tools","Corldess Tile Vibrator","PT-CORLDESS-TILE-VIBR","Powerbilt - CORDLESS TILE VIBRATOR","YES - model/option PNG","corldess-tile-vibrator--cordless-tile-vibrator.png"
"Power Tools","Cut Off Wheels","PTA-CUT-OFF-WHEELS","Bosch - 14""-377 BLK","YES - model/option PNG","power-tools-accessories-cut-off-wheel--14-377-blk.png"
"Power Tools","Cut Off Wheels","PTA-CUT-OFF-WHEELS","Bosch - 4""-1.2MM-275","YES - model/option PNG","power-tools-accessories-cut-off-wheel--4-1-2mm-275.png"
"Power Tools","Cut Off Wheels","PTA-CUT-OFF-WHEELS","Bosch - 5""X1.0MM INOX","YES - model/option PNG","power-tools-accessories-cut-off-wheel--5-x1-0mm-inox.png"
"Power Tools","Cut Off Wheels","PTA-CUT-OFF-WHEELS","Bosch - 5""X1.6","YES - model/option PNG","power-tools-accessories-cut-off-wheel--5-x1-6.png"
"Power Tools","Cut Off Wheels","PTA-CUT-OFF-WHEELS","Bosch - 7""X3","YES - model/option PNG","power-tools-accessories-cut-off-wheel--7-x3.png"
"Power Tools","Cut Off Wheels","PTA-CUT-OFF-WHEELS","Cumi - CUT OFF WHEEL 14""X2.8 BLK","YES - model/option PNG","power-tools-accessories-cut-off-wheel--cut-off-wheel-14-x2-8-blk.png"
"Power Tools","Cut Off Wheels","PTA-CUT-OFF-WHEELS","Cumi - CUT OFF WHEEL 14""X2.8MM RAPID CUT BLK","YES - model/option PNG","power-tools-accessories-cut-off-wheel--cut-off-wheel-14-x2-8mm-rapid-cut-blk.png"
"Power Tools","Cut Off Wheels","PTA-CUT-OFF-WHEELS","Cumi - CUT OFF WHEEL 14""X3MM GREEN","YES - model/option PNG","power-tools-accessories-cut-off-wheel--cut-off-wheel-14-x3mm-green.png"
"Power Tools","Cut Off Wheels","PTA-CUT-OFF-WHEELS","Cumi - CUT OFF WHEEL 4"" BRN ULTRA THIN","YES - model/option PNG","power-tools-accessories-cut-off-wheel--cut-off-wheel-4-brn-ultra-thin.png"
"Power Tools","Cut Off Wheels","PTA-CUT-OFF-WHEELS","Cumi - CUT OFF WHEEL 4"" BRN ZON","YES - model/option PNG","power-tools-accessories-cut-off-wheel--cut-off-wheel-4-brn-zon.png"
"Power Tools","Cut Off Wheels","PTA-CUT-OFF-WHEELS","Golden Bullet - 14""","YES - model/option PNG","power-tools-accessories-cut-off-wheel--14.png"
"Power Tools","Cut Off Wheels","PTA-CUT-OFF-WHEELS","Golden Bullet - 4"" 107X1X16","YES - model/option PNG","power-tools-accessories-cut-off-wheel--4-107x1x16.png"
"Power Tools","Cut Off Wheels","PTA-CUT-OFF-WHEELS","Golden Bullet - 4"" 107X1X16","YES - model/option PNG","power-tools-accessories-cut-off-wheel--4-107x1x16.png"
"Power Tools","Cut Off Wheels","PTA-CUT-OFF-WHEELS","Golden Bullet - 5"" 125X1","YES - model/option PNG","power-tools-accessories-cut-off-wheel--5-125x1.png"
"Power Tools","Cut Off Wheels","PTA-CUT-OFF-WHEELS","Hikoki - 14"" BLACK 2.8MM PREMIUM","YES - model/option PNG","power-tools-accessories-cut-off-wheel--14-black-2-8mm-premium.png"
"Power Tools","Cut Off Wheels","PTA-CUT-OFF-WHEELS","Jon Bhandari - 14"" CUT OFF WHEEL","YES - model/option PNG","power-tools-accessories-cut-off-wheel--14-cut-off-wheel.png"
"Power Tools","Cut Off Wheels","PTA-CUT-OFF-WHEELS","Jon Bhandari - 14"" CUT OFF WHEEL (BROWN)","YES - model/option PNG","power-tools-accessories-cut-off-wheel--14-cut-off-wheel-brown.png"
"Power Tools","Cut Off Wheels","PTA-CUT-OFF-WHEELS","Jon Bhandari - 4"" 100X1X16 (BROWN/GREEN)","YES - model/option PNG","power-tools-accessories-cut-off-wheel--4-100x1x16-brown-green.png"
"Power Tools","Cut Off Wheels","PTA-CUT-OFF-WHEELS","Jon Bhandari - 4""X1MM CUT OFF WHEEL","YES - model/option PNG","power-tools-accessories-cut-off-wheel--4-x1mm-cut-off-wheel.png"
"Power Tools","Cut Off Wheels","PTA-CUT-OFF-WHEELS","Jon Bhandari - 4""x1mm CUT OFF WHEEL (BROWN)","YES - model/option PNG","power-tools-accessories-cut-off-wheel--4-x1mm-cut-off-wheel-brown.png"
"Power Tools","Cut Off Wheels","PTA-CUT-OFF-WHEELS","Jon Bhandari - 4""X3mm CUT OFF WHEEL (BROWN)","YES - model/option PNG","power-tools-accessories-cut-off-wheel--4-x3mm-cut-off-wheel-brown.png"
"Power Tools","Cut Off Wheels","PTA-CUT-OFF-WHEELS","Jon Bhandari - 5"" CUT OFF WHEEL (BROWN)","YES - model/option PNG","power-tools-accessories-cut-off-wheel--5-cut-off-wheel-brown.png"
"Power Tools","Cut Off Wheels","PTA-CUT-OFF-WHEELS","Jon Bhandari - 7""X1.6MM CUT OFF WHEEL","YES - model/option PNG","power-tools-accessories-cut-off-wheel--7-x1-6mm-cut-off-wheel.png"
"Power Tools","Cut Off Wheels","PTA-CUT-OFF-WHEELS","Jon Bhandari - 7""X3MM CUT OFF WHEEL","YES - model/option PNG","power-tools-accessories-cut-off-wheel--7-x3mm-cut-off-wheel.png"
"Power Tools","Cut Off Wheels","PTA-CUT-OFF-WHEELS","Ultrafast - 14"" CUT OFF WHEEL BROWN","YES - model/option PNG","power-tools-accessories-cut-off-wheel--14-cut-off-wheel-brown.png"
"Power Tools","Cut Off Wheels","PTA-CUT-OFF-WHEELS","Ultrafast - 5"" CUT OFF WHEEL GREEN","YES - model/option PNG","power-tools-accessories-cut-off-wheel--5-cut-off-wheel-green.png"
"Power Tools","Cut Off Wheels","PTA-CUT-OFF-WHEELS","Yuri - CUT OFF WHEEL 4"" 107X1X16mm","YES - model/option PNG","power-tools-accessories-cut-off-wheel--cut-off-wheel-4-107x1x16mm.png"
"Power Tools","Deep Hole Saw / Set","PTA-DEEP-HOLE-SAW-SET","Ultrafast - 11PC HOLE SAW SET TILL 2.5""","YES - model/option PNG","power-tools-accessories-deep-hole-saw-set--11pc-hole-saw-set-till-2-5.png"
"Power Tools","Deep Hole Saw / Set","PTA-DEEP-HOLE-SAW-SET","Ultrafast - 12PC HOLE SAW SET TILL 3""","YES - model/option PNG","power-tools-accessories-deep-hole-saw-set--12pc-hole-saw-set-till-3.png"
"Power Tools","Deep Hole Saw / Set","PTA-DEEP-HOLE-SAW-SET","Ultrafast - 16PC HOLE SAW SET TILL 5""","YES - model/option PNG","power-tools-accessories-deep-hole-saw-set--16pc-hole-saw-set-till-5.png"
"Power Tools","Deep Hole Saw / Set","PTA-DEEP-HOLE-SAW-SET","Ultrafast - 6PC HOLE SAW SET","YES - model/option PNG","power-tools-accessories-deep-hole-saw-set--6pc-hole-saw-set.png"
"Power Tools","Deep Hole Saw / Set","PTA-DEEP-HOLE-SAW-SET","Ultrafast - HOLE SAW 2 1/2"" 65MM","YES - model/option PNG","power-tools-accessories-deep-hole-saw-set--hole-saw-2-1-2-65mm.png"
"Power Tools","Demolition Hammer","PT-DEMOLITION-HAMMER","Bosch - GSH 11E","YES - model/option PNG","demolition-hammer--gsh-11e.png"
"Power Tools","Demolition Hammer","PT-DEMOLITION-HAMMER","Dewalt - DEMOLITION HAMMER 11KG","YES - model/option PNG","demolition-hammer--demolition-hammer-11kg.png"
"Power Tools","Diamond Core Bit","PTA-DIAMOND-CORE-BIT","Jojo Tools - DIAMOND CORE BIT 10MM","YES - model/option PNG","power-tools-accessories-diamond-core-bit--diamond-core-bit-10mm.png"
"Power Tools","Diamond Core Bit","PTA-DIAMOND-CORE-BIT","Jojo Tools - DIAMOND CORE BIT 20MM","YES - model/option PNG","power-tools-accessories-diamond-core-bit--diamond-core-bit-20mm.png"
"Power Tools","Diamond Core Bit","PTA-DIAMOND-CORE-BIT","Jojo Tools - DIAMOND CORE BIT 26MM","YES - model/option PNG","power-tools-accessories-diamond-core-bit--diamond-core-bit-26mm.png"
"Power Tools","Diamond Core Bit","PTA-DIAMOND-CORE-BIT","Jojo Tools - DIAMOND CORE BIT 33MM","YES - model/option PNG","power-tools-accessories-diamond-core-bit--diamond-core-bit-33mm.png"
"Power Tools","Diamond Core Bit","PTA-DIAMOND-CORE-BIT","Jojo Tools - DIAMOND CORE BIT 37MM","YES - model/option PNG","power-tools-accessories-diamond-core-bit--diamond-core-bit-37mm.png"
"Power Tools","Diamond Core Bit","PTA-DIAMOND-CORE-BIT","Jojo Tools - DIAMOND CORE BIT 50MM","YES - model/option PNG","power-tools-accessories-diamond-core-bit--diamond-core-bit-50mm.png"
"Power Tools","Diamond Core Bit","PTA-DIAMOND-CORE-BIT","Jojo Tools - DIAMOND CORE BIT 6.5MM","YES - model/option PNG","power-tools-accessories-diamond-core-bit--diamond-core-bit-6-5mm.png"
"Power Tools","Diamond Grinding Cup Wheels","PTA-DIAMOND-GRINDING-C","Bosch - DIAMOND GRINDING CUP WHEEL 4""","YES - model/option PNG","power-tools-accessories-diamond-grinding-cup-wheel--diamond-grinding-cup-wheel-4.png"
"Power Tools","Die Grinder Kits","PT-DIE-GRINDER-KITS","Pro Cut - 211 PC DIE GRINDER KIT","YES - model/option PNG","die-grinder-kits--211-pc-die-grinder-kit.png"
"Power Tools","Digital Clamp Meter","PT-DIGITAL-CLAMP-METE","Chinese Generic - REPON DIGITAL CLAMP METER","YES - model/option PNG","digital-clamp-meter--repon-digital-clamp-meter.png"
"Power Tools","Digital Multi Meter","PT-DIGITAL-MULTI-METE","Chinese Generic - HAOYUE DIGITAL MULTIMETER(CHACHA)","YES - model/option PNG","digital-multi-meter--haoyue-digital-multimeter-chacha.png"
"Power Tools","Drill Chuck","PTS-DRILL-CHUCK","Angle Grinders - DRLL CHUCK 1/2"" 13MM [1/2-20UNF]","YES - model/option PNG","power-tools-spare-parts-drill-chuck--drll-chuck-1-2-13mm-1-2-20unf.png"
"Power Tools","Drill Chuck Key","PTS-DRILL-CHUCK-KEY","Angle Grinders - CARBON BRUSH BOSCH 2.610.391.290","YES - model/option PNG","power-tools-spare-parts-drill-chuck-key--carbon-brush-bosch-2-610-391-290.png"
"Power Tools","Drill Chuck Key","PTS-DRILL-CHUCK-KEY","Angle Grinders - CARBON BRUSH N022038","YES - model/option PNG","power-tools-spare-parts-drill-chuck-key--carbon-brush-n022038.png"
"Power Tools","Drill Chuck Key","PTS-DRILL-CHUCK-KEY","Angle Grinders - DRILL CHUCK KEY 13MM","YES - model/option PNG","power-tools-spare-parts-drill-chuck-key--drill-chuck-key-13mm.png"
"Power Tools","Drilling Machines","PT-DRILLING-MACHINES","Bosch - GSB 450(10mm)","YES - model/option PNG","drilling-machine--gsb-450-10mm.png"
"Power Tools","Drilling Machines","PT-DRILLING-MACHINES","Bosch - GSB 500 RE(10mm) 100PC KIT","YES - model/option PNG","drilling-machine--gsb-500-re-10mm-100pc-kit.png"
"Power Tools","Drilling Machines","PT-DRILLING-MACHINES","Bosch - GSB 600(13mm)","YES - model/option PNG","drilling-machine--gsb-600-13mm.png"
"Power Tools","Drilling Machines","PT-DRILLING-MACHINES","Bosch - GSB 600(13mm) 100PC KIT","YES - model/option PNG","drilling-machine--gsb-600-13mm-100pc-kit.png"
"Power Tools","Drilling Machines","PT-DRILLING-MACHINES","Dewalt - 10mm ELECTRIC DRILL","YES - model/option PNG","drilling-machine--10mm-electric-drill.png"
"Power Tools","Drilling Machines","PT-DRILLING-MACHINES","Dewalt - 13mm ELECTRIC DRILL","YES - model/option PNG","drilling-machine--13mm-electric-drill.png"
"Power Tools","Drilling Machines","PT-DRILLING-MACHINES","Dewalt - 26MM SDS PLUS CORDLESS HAMMER","YES - model/option PNG","drilling-machine--26mm-sds-plus-cordless-hammer.png"
"Power Tools","Drilling Machines","PT-DRILLING-MACHINES","Fad - DRILLING MACHINE 13MM","YES - model/option PNG","drilling-machine--drilling-machine-13mm.png"
"Power Tools","Drilling Machines","PT-DRILLING-MACHINES","Powermatic - 6MM DRILL 350W","YES - model/option PNG","drilling-machine--6mm-drill-350w.png"
"Power Tools","Drilling Machines","PT-DRILLING-MACHINES","Ultra Touch - DRILL MACHINE 10MM","YES - model/option PNG","drilling-machine--drill-machine-10mm.png"
"Power Tools","Drilling Machines","PT-DRILLING-MACHINES","Ultra Touch - DRILL MACHINE 10MM","YES - model/option PNG","drilling-machine--drill-machine-10mm.png"
"Power Tools","Drilling Machines","PT-DRILLING-MACHINES","Ultra Touch - DRILL MACHINE 13MM","YES - model/option PNG","drilling-machine--drill-machine-13mm.png"
"Power Tools","Drilling Machines","PT-DRILLING-MACHINES","Ultra Touch - DRILL MACHINE 6MM","YES - model/option PNG","drilling-machine--drill-machine-6mm.png"
"Power Tools","Elctric Blower","PT-ELCTRIC-BLOWER","Ultra Touch - ELECTRIC BLOWER","YES - model/option PNG","elctric-blower--electric-blower.png"
"Power Tools","Electric Blower","PT-ELECTRIC-BLOWER","Bosch - GBL 650","YES - model/option PNG","electric-blower--gbl-650.png"
"Power Tools","Electric Blower","PT-ELECTRIC-BLOWER","Bosch - GDS18V350","YES - model/option PNG","electric-blower--gds18v350.png"
"Power Tools","Electric Blower","PT-ELECTRIC-BLOWER","Perfect Tools - ELECTRIC BLOWER","YES - model/option PNG","electric-blower--electric-blower.png"
"Power Tools","Electric Blower","PT-ELECTRIC-BLOWER","Perfect Tools - ELECTRIC BLOWER VARIABLE","YES - model/option PNG","electric-blower--electric-blower-variable.png"
"Power Tools","Electric Blower","PT-ELECTRIC-BLOWER","Strong Ali - ORANGE BLOWER 550W","YES - model/option PNG","electric-blower--orange-blower-550w.png"
"Power Tools","Electric Die Grinder","PT-ELECTRIC-DIE-GRIND","Dongcheng - DIE GRINDER METAL BODY","YES - model/option PNG","electric-die-grinder--die-grinder-metal-body.png"
"Power Tools","Electric Drilling Machines","PT-ELECTRIC-DRILLING-","Dongcheng - ELECTRIC DRILL 16MM","YES - model/option PNG","electric-drilling-machine--electric-drill-16mm.png"
"Power Tools","Electric Drilling Machines","PT-ELECTRIC-DRILLING-","Dongcheng - ELECTRIC IMPACT DRILL 10MM","YES - model/option PNG","electric-drilling-machine--electric-impact-drill-10mm.png"
"Power Tools","Electric Drilling Machines","PT-ELECTRIC-DRILLING-","Dongcheng - ELECTRIC IMPACT DRILL 13MM METAL","YES - model/option PNG","electric-drilling-machine--electric-impact-drill-13mm-metal.png"
"Power Tools","Electric Drilling Machines","PT-ELECTRIC-DRILLING-","Dongcheng - ELECTRIC IMPACT DRILL 13MM PLASTIC","YES - model/option PNG","electric-drilling-machine--electric-impact-drill-13mm-plastic.png"
"Power Tools","Electric Drilling Machines","PT-ELECTRIC-DRILLING-","Dongcheng - ELECTRIC IMPACT DRILL 6.5MM","YES - model/option PNG","electric-drilling-machine--electric-impact-drill-6-5mm.png"
"Power Tools","Electric Drilling Machines","PT-ELECTRIC-DRILLING-","Makita - DRILLING MACHINE 10MM","YES - model/option PNG","electric-drilling-machine--drilling-machine-10mm.png"
"Power Tools","Electric Drilling Machines","PT-ELECTRIC-DRILLING-","Makita - DRILLING MACHINE 13MM","YES - model/option PNG","electric-drilling-machine--drilling-machine-13mm.png"
"Power Tools","Electric Drilling Machines","PT-ELECTRIC-DRILLING-","Stanley - 13mm ELECTRIC DRILLING M/C","YES - model/option PNG","electric-drilling-machine--13mm-electric-drilling-m-c.png"
"Power Tools","Electric Drilling Machines","PT-ELECTRIC-DRILLING-","Ultrafast - 10MM","YES - model/option PNG","electric-drilling-machine--10mm.png"
"Power Tools","Electric Drilling Machines","PT-ELECTRIC-DRILLING-","Ultrafast - 13MM","YES - model/option PNG","electric-drilling-machine--13mm.png"
"Power Tools","Electric Drilling Machines","PT-ELECTRIC-DRILLING-","Ultrafast - 13MM","YES - model/option PNG","electric-drilling-machine--13mm.png"
"Power Tools","Electric Glue Gun","PT-ELECTRIC-GLUE-GUN","Stanley - GLUE SHOT","YES - model/option PNG","electric-glue-gun--glue-shot.png"
"Power Tools","Electric Jig Saw","PT-ELECTRIC-JIG-SAW","Dongcheng - JIG SAW","YES - model/option PNG","electric-jig-saw--jig-saw.png"
"Power Tools","Electric Paint Sprayer","PT-ELECTRIC-PAINT-SPR","Powerbilt - PAINT SPRAYER","YES - model/option PNG","electric-paint-sprayer--paint-sprayer.png"
"Power Tools","Electric Rotary Hammers","PT-ELECTRIC-ROTARY-HA","Dongcheng - ELECTRIC ROTARY HAMMER 2 FUNCTION DEMOLITION MODEL","YES - model/option PNG","electric-rotary-hammer--electric-rotary-hammer-2-function-demolition-model.png"
"Power Tools","Electric Rotary Hammers","PT-ELECTRIC-ROTARY-HA","Dongcheng - ELECTRIC ROTARY HAMMER 20","YES - model/option PNG","electric-rotary-hammer--electric-rotary-hammer-20.png"
"Power Tools","Electric Rotary Hammers","PT-ELECTRIC-ROTARY-HA","Dongcheng - ELECTRIC ROTARY HAMMER 26B","YES - model/option PNG","electric-rotary-hammer--electric-rotary-hammer-26b.png"
"Power Tools","Electric Rotary Hammers","PT-ELECTRIC-ROTARY-HA","Dongcheng - ELECTRIC ROTARY HAMMER 26B 3KG","YES - model/option PNG","electric-rotary-hammer--electric-rotary-hammer-26b-3kg.png"
"Power Tools","Electric Rotary Hammers","PT-ELECTRIC-ROTARY-HA","Ultrafast - 20MM 500W","YES - model/option PNG","electric-rotary-hammer--20mm-500w.png"
"Power Tools","Electric Screwdriver Sets","PT-ELECTRIC-SCREWDRIV","Chinese Generic - TUOYE 47 PC CORDLESS SCREWDRIVER SET","YES - model/option PNG","electric-screwdriver-sets--tuoye-47-pc-cordless-screwdriver-set.png"
"Power Tools","Engraving Tool","PT-ENGRAVING-TOOL","Electo Tools - CARBIDE TIP ENGRAVING TOOL","YES - model/option PNG","engraving-tool--carbide-tip-engraving-tool.png"
"Power Tools","Engraving Tool","PT-ENGRAVING-TOOL","Uniqal - ENGRAVING TOOL","YES - model/option PNG","engraving-tool--engraving-tool.png"
"Power Tools","Fiber Disc & Accessories","PTA-FIBER-DISC-ACCESSO","Ultrafast - FIBER DISC ADAPTOR 5""","YES - model/option PNG","power-tools-accessories-fiber-disc-accessory--fiber-disc-adaptor-5.png"
"Power Tools","Fiber Disc & Accessories","PTA-FIBER-DISC-ACCESSO","Ultrafast - GRIT 36,60,80,100,180 5""","YES - model/option PNG","power-tools-accessories-fiber-disc-accessory--grit-36-60-80-100-180-5.png"
"Power Tools","Fiber Disc & Accessories","PTA-FIBER-DISC-ACCESSO","Ultrafast - PAD NUT FOR AG4","YES - model/option PNG","power-tools-accessories-fiber-disc-accessory--pad-nut-for-ag4.png"
"Power Tools","Fiber Discs","PTA-FIBER-DISCS","Cumi - 4"" X G60","YES - model/option PNG","power-tools-accessories-fiber-disc--4-x-g60.png"
"Power Tools","Fiber Discs","PTA-FIBER-DISCS","Cumi - 4""XG36","YES - model/option PNG","power-tools-accessories-fiber-disc--4-xg36.png"
"Power Tools","Fiber Discs","PTA-FIBER-DISCS","Norton - FIBER DISC 4"" (100X16)","YES - model/option PNG","power-tools-accessories-fiber-disc--fiber-disc-4-100x16.png"
"Power Tools","Fiber Discs","PTA-FIBER-DISCS","Norton - FIBER DISC 4"" (100X16)","YES - model/option PNG","power-tools-accessories-fiber-disc--fiber-disc-4-100x16.png"
"Power Tools","Fiber Discs","PTA-FIBER-DISCS","Norton - FIBER DISC 5"" (125X22.23)","YES - model/option PNG","power-tools-accessories-fiber-disc--fiber-disc-5-125x22-23.png"
"Power Tools","Fiber Discs","PTA-FIBER-DISCS","Norton - FIBER DISC 5"" (125X22.23)","YES - model/option PNG","power-tools-accessories-fiber-disc--fiber-disc-5-125x22-23.png"
"Power Tools","Fiber Discs","PTA-FIBER-DISCS","Norton - FIBER DISC 5"" (125X22)","YES - model/option PNG","power-tools-accessories-fiber-disc--fiber-disc-5-125x22.png"
"Power Tools","Fiber Discs","PTA-FIBER-DISCS","Norton - FIBER DISC 7"" (180X22.23)","YES - model/option PNG","power-tools-accessories-fiber-disc--fiber-disc-7-180x22-23.png"
"Power Tools","Fiber Discs","PTA-FIBER-DISCS","Norton - FIBER DISC 7"" (180X22.23)","YES - model/option PNG","power-tools-accessories-fiber-disc--fiber-disc-7-180x22-23.png"
"Power Tools","Fiber Discs","PTA-FIBER-DISCS","Starcke - 5"" FIBER DISC G36","YES - model/option PNG","power-tools-accessories-fiber-disc--5-fiber-disc-g36.png"
"Power Tools","Flap Discs","PTA-FLAP-DISCS","Bosch - FLAP DISC ALOX 4""X36G","YES - model/option PNG","power-tools-accessories-flap-disc--flap-disc-alox-4-x36g.png"
"Power Tools","Flap Discs","PTA-FLAP-DISCS","Bosch - FLAP DISC ALOX 5""X80G","YES - model/option PNG","power-tools-accessories-flap-disc--flap-disc-alox-5-x80g.png"
"Power Tools","Flap Discs","PTA-FLAP-DISCS","Bosch - FLAP DISC ALOX 7""X80G","YES - model/option PNG","power-tools-accessories-flap-disc--flap-disc-alox-7-x80g.png"
"Power Tools","Flap Discs","PTA-FLAP-DISCS","Jon Bhandari - 4"" GRIT 36 60 80 120","YES - model/option PNG","power-tools-accessories-flap-disc--4-grit-36-60-80-120.png"
"Power Tools","Flap Discs","PTA-FLAP-DISCS","Jon Bhandari - 5"" GRIT 60 80","YES - model/option PNG","power-tools-accessories-flap-disc--5-grit-60-80.png"
"Power Tools","Flap Discs","PTA-FLAP-DISCS","Polymak - 4"" G60","YES - model/option PNG","power-tools-accessories-flap-disc--4-g60.png"
"Power Tools","Flap Discs","PTA-FLAP-DISCS","Starcke - FLAP DISC 60,80,120","YES - model/option PNG","power-tools-accessories-flap-disc--flap-disc-60-80-120.png"
"Power Tools","Flexible Cutting Wheel For Stainless Steel Wa","PTA-FLEXIBLE-CUTTING-W","Ultrafast - FLEXIBLE CUTTING WHEEL WA60","YES - model/option PNG","power-tools-accessories-flexible-cutting-wheel-for-stainless-steel-wa--flexible-cutting-wheel-wa60.png"
"Power Tools","Flexible Polishing Pad Dcrf5U1Xd","PTA-FLEXIBLE-POLISHING","Surie Polex - Flexible pad XD 60","YES - model/option PNG","power-tools-accessories-flexible-polishing-pad-dcrf5u1xd--flexible-pad-xd-60.png"
"Power Tools","General Power Tools","PT-GENERAL-POWER-TOOL","Hikoki - CUT OFF MACHINE 14"" ECO","YES - model/option PNG","general-power-tools--cut-off-machine-14-eco.png"
"Power Tools","General Power Tools","PT-GENERAL-POWER-TOOL","Hikoki - CUT OFF MACINE 14""","YES - model/option PNG","general-power-tools--cut-off-macine-14.png"
"Power Tools","General Power Tools","PT-GENERAL-POWER-TOOL","Sepack Sealing Machines - DELTA 200","YES - model/option PNG","general-power-tools--delta-200.png"
"Power Tools","General Power Tools","PT-GENERAL-POWER-TOOL","Sepack Sealing Machines - DELTA 250","YES - model/option PNG","general-power-tools--delta-250.png"
"Power Tools","General Power Tools","PT-GENERAL-POWER-TOOL","Sepack Sealing Machines - DELTA 300","YES - model/option PNG","general-power-tools--delta-300.png"
"Power Tools","General Power Tools","PT-GENERAL-POWER-TOOL","Sepack Sealing Machines - DELTA 400","YES - model/option PNG","general-power-tools--delta-400.png"
"Power Tools","General Power Tools","PT-GENERAL-POWER-TOOL","Sepack Sealing Machines - HB 200","YES - model/option PNG","general-power-tools--hb-200.png"
"Power Tools","General Power Tools","PT-GENERAL-POWER-TOOL","Sepack Sealing Machines - HB 300","YES - model/option PNG","general-power-tools--hb-300.png"
"Power Tools","General Power Tools","PT-GENERAL-POWER-TOOL","Sepack Sealing Machines - HB 400","YES - model/option PNG","general-power-tools--hb-400.png"
"Power Tools","General Power Tools","PT-GENERAL-POWER-TOOL","Sepack Sealing Machines - HB 500","YES - model/option PNG","general-power-tools--hb-500.png"
"Power Tools","General Power Tools","PT-GENERAL-POWER-TOOL","Sepack Sealing Machines - HB 600","YES - model/option PNG","general-power-tools--hb-600.png"
"Power Tools","General Power Tools","PT-GENERAL-POWER-TOOL","Whdz - DIGITAL MULTIMETER","YES - model/option PNG","general-power-tools--digital-multimeter.png"
"Power Tools","Glue Gun","PT-GLUE-GUN","Mega Glue Guns - GLUE GUN 40W","YES - model/option PNG","glue-gun--glue-gun-40w.png"
"Power Tools","Glue Gun","PT-GLUE-GUN","Mega Glue Guns - GLUE GUN 60W","YES - model/option PNG","glue-gun--glue-gun-60w.png"
"Power Tools","Grinding Diamond Cup Wheel","PTA-GRINDING-DIAMOND-C","Ultrafast - 3"" CUP BLADE CONT/SEG/TURBO","YES - model/option PNG","power-tools-accessories-grinding-diamond-cup-wheel--3-cup-blade-cont-seg-turbo.png"
"Power Tools","Grinding Diamond Cup Wheel","PTA-GRINDING-DIAMOND-C","Ultrafast - 3"" CUP BRUSH BRASS","YES - model/option PNG","power-tools-accessories-grinding-diamond-cup-wheel--3-cup-brush-brass.png"
"Power Tools","Grinding Diamond Cup Wheel","PTA-GRINDING-DIAMOND-C","Ultrafast - 3"" CUP BRUSH TWISTED WIRE","YES - model/option PNG","power-tools-accessories-grinding-diamond-cup-wheel--3-cup-brush-twisted-wire.png"
"Power Tools","Grinding Diamond Cup Wheel","PTA-GRINDING-DIAMOND-C","Ultrafast - 4"" 100MM CUP WIRE BRUSH BRASS","YES - model/option PNG","power-tools-accessories-grinding-diamond-cup-wheel--4-100mm-cup-wire-brush-brass.png"
"Power Tools","Grinding Diamond Cup Wheel","PTA-GRINDING-DIAMOND-C","Ultrafast - 4"" CUP BLADE SEG","YES - model/option PNG","power-tools-accessories-grinding-diamond-cup-wheel--4-cup-blade-seg.png"
"Power Tools","Grinding Wheel Gc For Tile Polishing","PTA-GRINDING-WHEEL-GC-","Ultrafast - 4""X2.5 GRINDING WHEEL GREEN G60","YES - model/option PNG","power-tools-accessories-grinding-wheel-gc-for-tile-polishing--4-x2-5-grinding-wheel-green-g60.png"
"Power Tools","Grinding Wheels","PTA-GRINDING-WHEELS","Bosch - 4""X6MM","YES - model/option PNG","power-tools-accessories-grinding-wheel--4-x6mm.png"
"Power Tools","Grinding Wheels","PTA-GRINDING-WHEELS","Bosch - 5""X6.8","YES - model/option PNG","power-tools-accessories-grinding-wheel--5-x6-8.png"
"Power Tools","Grinding Wheels","PTA-GRINDING-WHEELS","Bosch - 7""X3.0","YES - model/option PNG","power-tools-accessories-grinding-wheel--7-x3-0.png"
"Power Tools","Grinding Wheels","PTA-GRINDING-WHEELS","Golden Bullet - GRINDING WHEELS 4""","YES - model/option PNG","power-tools-accessories-grinding-wheel--grinding-wheels-4.png"
"Power Tools","Grinding Wheels","PTA-GRINDING-WHEELS","Golden Bullet - GRINDING WHEELS 5""","YES - model/option PNG","power-tools-accessories-grinding-wheel--grinding-wheels-5.png"
"Power Tools","Grinding Wheels","PTA-GRINDING-WHEELS","Jon Bhandari - 4"" GRINDING WHEEL","YES - model/option PNG","power-tools-accessories-grinding-wheel--4-grinding-wheel.png"
"Power Tools","Grinding Wheels","PTA-GRINDING-WHEELS","Jon Bhandari - 4""X6MM GRINDING WHEEL","YES - model/option PNG","power-tools-accessories-grinding-wheel--4-x6mm-grinding-wheel.png"
"Power Tools","Grinding Wheels","PTA-GRINDING-WHEELS","Jon Bhandari - 5"" GRINDING WHEEL","YES - model/option PNG","power-tools-accessories-grinding-wheel--5-grinding-wheel.png"
"Power Tools","Grinding Wheels","PTA-GRINDING-WHEELS","Jon Bhandari - 7"" GRINDING WHEEL","YES - model/option PNG","power-tools-accessories-grinding-wheel--7-grinding-wheel.png"
"Power Tools","Grinding Wheels","PTA-GRINDING-WHEELS","Ultrafast - 4""X6 GRINDING WHEEL BLK","YES - model/option PNG","power-tools-accessories-grinding-wheel--4-x6-grinding-wheel-blk.png"
"Power Tools","Grinding Wheels","PTA-GRINDING-WHEELS","Ultrafast - 5""X6 GRINDING WHEEL BLK","YES - model/option PNG","power-tools-accessories-grinding-wheel--5-x6-grinding-wheel-blk.png"
"Power Tools","Grinding Wheels","PTA-GRINDING-WHEELS","Ultrafast - 7""X6 GRINDING WHEEL BRN","YES - model/option PNG","power-tools-accessories-grinding-wheel--7-x6-grinding-wheel-brn.png"
"Power Tools","Grinding Wheels Gc","PTA-GRINDING-WHEELS-GC","Jon Bhandari - 4""x2.5 G46","YES - model/option PNG","power-tools-accessories-grinding-wheel-gc--4-x2-5-g46.png"
"Power Tools","Grinding Wheels Gc","PTA-GRINDING-WHEELS-GC","Jon Bhandari - 4""x30t TCT BLADE","YES - model/option PNG","power-tools-accessories-grinding-wheel-gc--4-x30t-tct-blade.png"
"Power Tools","Grinding Wheels Gc","PTA-GRINDING-WHEELS-GC","Jon Bhandari - 5""X30T TCT BLADE","YES - model/option PNG","power-tools-accessories-grinding-wheel-gc--5-x30t-tct-blade.png"
"Power Tools","Grinding Wheels Gc","PTA-GRINDING-WHEELS-GC","Jon Bhandari - 5""X40 TCT BLADE","YES - model/option PNG","power-tools-accessories-grinding-wheel-gc--5-x40-tct-blade.png"
"Power Tools","Grinding Wheels Gc","PTA-GRINDING-WHEELS-GC","Jon Bhandari - TCT BLADES","YES - model/option PNG","power-tools-accessories-grinding-wheel-gc--tct-blades.png"
"Power Tools","Hack Saw Blade","PTA-HACK-SAW-BLADE","Ultrafast - BI METAL 12""X24T","YES - model/option PNG","power-tools-accessories-hack-saw-blade--bi-metal-12-x24t.png"
"Power Tools","Hammering Machines","PT-HAMMERING-MACHINES","Dongcheng - ELECTRIC ROTARY HAMER 5KG","YES - model/option PNG","hammering-machine--electric-rotary-hamer-5kg.png"
"Power Tools","Hammering Machines","PT-HAMMERING-MACHINES","Dongcheng - ELECTRIC ROTARY HAMER 6KG","YES - model/option PNG","hammering-machine--electric-rotary-hamer-6kg.png"
"Power Tools","Hammering Machines","PT-HAMMERING-MACHINES","Dongcheng - PRECURSSION HAMMER 11KG","YES - model/option PNG","hammering-machine--precurssion-hammer-11kg.png"
"Power Tools","Hammering Machines","PT-HAMMERING-MACHINES","Powerbilt - 20MM ROTARY HAMMER","YES - model/option PNG","hammering-machine--20mm-rotary-hammer.png"
"Power Tools","Hammering Machines","PT-HAMMERING-MACHINES","Powerbilt - 26MM ROTARY HAMMER","YES - model/option PNG","hammering-machine--26mm-rotary-hammer.png"
"Power Tools","Hammering Machines","PT-HAMMERING-MACHINES","Powerbilt - 30MM ROTARY HAMMER","YES - model/option PNG","hammering-machine--30mm-rotary-hammer.png"
"Power Tools","Hammering Machines","PT-HAMMERING-MACHINES","Powermatic - 20MM ROTARY HAMMER DRILL","YES - model/option PNG","hammering-machine--20mm-rotary-hammer-drill.png"
"Power Tools","Hammering Machines","PT-HAMMERING-MACHINES","Powermatic - 26MM ROTARY HAMMER DRILL","YES - model/option PNG","hammering-machine--26mm-rotary-hammer-drill.png"
"Power Tools","Heat Guns","PT-HEAT-GUNS","Dewalt - HEATING TORCH","YES - model/option PNG","heat-gun--heating-torch.png"
"Power Tools","Heat Guns","PT-HEAT-GUNS","Dongcheng - HEAT GUN","YES - model/option PNG","heat-gun--heat-gun.png"
"Power Tools","High Pressure Washer","PT-HIGH-PRESSURE-WASH","Guster - PRESSURE WASHER (W/O)","YES - model/option PNG","high-pressure-washer--pressure-washer-w-o.png"
"Power Tools","High Pressure Washer","PT-HIGH-PRESSURE-WASH","Rusteze - PRESSURE WASHER","YES - model/option PNG","high-pressure-washer--pressure-washer.png"
"Power Tools","High Pressure Washer","PT-HIGH-PRESSURE-WASH","Strong Ali - STRONG ALI 2023-160-01","YES - model/option PNG","high-pressure-washer--strong-ali-2023-160-01.png"
"Power Tools","Hot Air Gun","PT-HOT-AIR-GUN","Ultra Touch - HOT AIR GUN","YES - model/option PNG","hot-air-gun--hot-air-gun.png"
"Power Tools","Hss Drill Bit Sets","PTA-HSS-DRILL-BIT-SETS","Bosch - DRILL BIT SET 25PC","YES - model/option PNG","power-tools-accessories-hss-drill-bit-sets--drill-bit-set-25pc.png"
"Power Tools","Hss Drill Gold/Black","PTA-HSS-DRILL-GOLD-BLA","Ultrafast - HSS DRILL 10MM","YES - model/option PNG","power-tools-accessories-hss-drill-gold-black--hss-drill-10mm.png"
"Power Tools","Hss Drill Gold/Black","PTA-HSS-DRILL-GOLD-BLA","Ultrafast - HSS DRILL 4.5MM","YES - model/option PNG","power-tools-accessories-hss-drill-gold-black--hss-drill-4-5mm.png"
"Power Tools","Hss Drill Gold/Black","PTA-HSS-DRILL-GOLD-BLA","Ultrafast - HSS DRILL 5MM","YES - model/option PNG","power-tools-accessories-hss-drill-gold-black--hss-drill-5mm.png"
"Power Tools","Hss Drill Gold/Black","PTA-HSS-DRILL-GOLD-BLA","Ultrafast - HSS DRILL 6MM","YES - model/option PNG","power-tools-accessories-hss-drill-gold-black--hss-drill-6mm.png"
"Power Tools","Hss Drill Gold/Black","PTA-HSS-DRILL-GOLD-BLA","Ultrafast - HSS DRILL 8MM","YES - model/option PNG","power-tools-accessories-hss-drill-gold-black--hss-drill-8mm.png"
"Power Tools","Jig Saw Blade","PTA-JIG-SAW-BLADE","Makita - JIG SAW BLADES 100MMX74MM(PACK OF 5) 8TPI","YES - model/option PNG","power-tools-accessories-jig-saw-blade--jig-saw-blades-100mmx74mm-pack-of-5-8tpi.png"
"Power Tools","Jigsaw Blades","PTA-JIGSAW-BLADES","Bosch - JIGSAW BLADE T144D PRICE/NO","YES - model/option PNG","power-tools-accessories-jigsaw-blade--jigsaw-blade-t144d-price-no.png"
"Power Tools","Jigsaw Blades","PTA-JIGSAW-BLADES","Bosch - JIGSAW BLADE T144DF PRICE/pkt","YES - model/option PNG","power-tools-accessories-jigsaw-blade--jigsaw-blade-t144df-price-pkt.png"
"Power Tools","Laser Distance Meter","PT-LASER-DISTANCE-MET","Golden Bullet - LASER DISTANCE METER 100M","YES - model/option PNG","laser-distance-meter--laser-distance-meter-100m.png"
"Power Tools","Laser Distance Meter","PT-LASER-DISTANCE-MET","Golden Bullet - LASER DISTANCE METER 40M","YES - model/option PNG","laser-distance-meter--laser-distance-meter-40m.png"
"Power Tools","Laser Distance Meter","PT-LASER-DISTANCE-MET","Golden Bullet - LASER DISTANCE METER 60M","YES - model/option PNG","laser-distance-meter--laser-distance-meter-60m.png"
"Power Tools","Laser Distance Meter","PT-LASER-DISTANCE-MET","Golden Bullet - LASER DISTANCE METER 80M","YES - model/option PNG","laser-distance-meter--laser-distance-meter-80m.png"
"Power Tools","Laser Distance Meter","PT-LASER-DISTANCE-MET","Powerbilt - LASER DISTANCE METER 100M","YES - model/option PNG","laser-distance-meter--laser-distance-meter-100m.png"
"Power Tools","Laser Level","PT-LASER-LEVEL","Golden Bullet - LASER LEVEL","YES - model/option PNG","laser-level--laser-level.png"
"Power Tools","Laser Level","PT-LASER-LEVEL","Golden Bullet - LASER LEVEL (2 LINE)","YES - model/option PNG","laser-level--laser-level-2-line.png"
"Power Tools","Laser Measure","PT-LASER-MEASURE","Bosch - GLM100-25C","YES - model/option PNG","laser-measure--glm100-25c.png"
"Power Tools","Manual Sprayer","PT-MANUAL-SPRAYER","Kisan Kraft - MANUAL SPRAYER 1.5L","YES - model/option PNG","manual-sprayer--manual-sprayer-1-5l.png"
"Power Tools","Manual Sprayer","PT-MANUAL-SPRAYER","Kisan Kraft - MANUAL SPRAYER 16L","YES - model/option PNG","manual-sprayer--manual-sprayer-16l.png"
"Power Tools","Manual Sprayer","PT-MANUAL-SPRAYER","Kisan Kraft - MANUAL SPRAYER 1L","YES - model/option PNG","manual-sprayer--manual-sprayer-1l.png"
"Power Tools","Manual Sprayer","PT-MANUAL-SPRAYER","Kisan Kraft - MANUAL SPRAYER 2L","YES - model/option PNG","manual-sprayer--manual-sprayer-2l.png"
"Power Tools","Manual Sprayer","PT-MANUAL-SPRAYER","Kisan Kraft - MANUAL SPRAYER 3L","YES - model/option PNG","manual-sprayer--manual-sprayer-3l.png"
"Power Tools","Manual Sprayer","PT-MANUAL-SPRAYER","Kisan Kraft - MANUAL SPRAYER 5L","YES - model/option PNG","manual-sprayer--manual-sprayer-5l.png"
"Power Tools","Marble / Granite Cutter","PTA-MARBLE-GRANITE-CUT","Covina - 4"" DIAMOND WHEEL SEGMENTED","YES - model/option PNG","power-tools-accessories-marble-granite-cutter--4-diamond-wheel-segmented.png"
"Power Tools","Marble / Granite Cutter","PT-MARBLE-GRANITE-CUT","Powerbilt - MARBLE CUTTER","YES - model/option PNG","marble-granite-cutter--marble-cutter.png"
"Power Tools","Marble Cutters","PT-MARBLE-CUTTERS","Bosch - DC 125 (4"")","YES - model/option PNG","marble-cutter--dc-125-4.png"
"Power Tools","Marble Cutters","PT-MARBLE-CUTTERS","Bosch - GDC 140(4"")","YES - model/option PNG","marble-cutter--gdc-140-4.png"
"Power Tools","Marble Cutters","PT-MARBLE-CUTTERS","Bosch - GDC 141(5"")","YES - model/option PNG","marble-cutter--gdc-141-5.png"
"Power Tools","Marble Cutters","PT-MARBLE-CUTTERS","Dongcheng - MARBLE CUTTER 4"" SB","YES - model/option PNG","marble-cutter--marble-cutter-4-sb.png"
"Power Tools","Marble Cutters","PT-MARBLE-CUTTERS","Dongcheng - MARBLE CUTTER 4"" / 5"" SA","YES - model/option PNG","marble-cutter--marble-cutter-4-5-sa.png"
"Power Tools","Marble Cutters","PT-MARBLE-CUTTERS","Dongcheng - MARBLE CUTTER 4"" SB","YES - model/option PNG","marble-cutter--marble-cutter-4-sb.png"
"Power Tools","Marble Cutters","PT-MARBLE-CUTTERS","Ultrafast - MARBLE CUTTER 5"" GOLD SERIES","YES - model/option PNG","marble-cutter--marble-cutter-5-gold-series.png"
"Power Tools","Marble Cutting Blades","PTA-MARBLE-CUTTING-BLA","Bosch - SEGMENT BLADE 4""","YES - model/option PNG","power-tools-accessories-marble-cutting-blade--segment-blade-4.png"
"Power Tools","Marble Cutting Blades","PTA-MARBLE-CUTTING-BLA","Bosch - SEGMENT BLADE 5""","YES - model/option PNG","power-tools-accessories-marble-cutting-blade--segment-blade-5.png"
"Power Tools","Marble Cutting Blades","PTA-MARBLE-CUTTING-BLA","Ultrafast - 4"" SEGMENTEDX10T","YES - model/option PNG","power-tools-accessories-marble-cutting-blade--4-segmentedx10t.png"
"Power Tools","Marble Cutting Blades","PTA-MARBLE-CUTTING-BLA","Ultrafast - 5"" SEGMENTEDX10T","YES - model/option PNG","power-tools-accessories-marble-cutting-blade--5-segmentedx10t.png"
"Power Tools","Non Woven Polishing Wheel","PTA-NON-WOVEN-POLISHIN","Polymak - NON WOVEN WHEEL 4"" U3 BROWN","YES - model/option PNG","power-tools-accessories-non-woven-polishing-wheel--non-woven-wheel-4-u3-brown.png"
"Power Tools","Nut Bit","PTA-NUT-BIT","Jon Bhandari - CUP BURSH TWISTED WIRE 3"" FOR 4"" GRINDER","YES - model/option PNG","power-tools-accessories-nut-bit--cup-bursh-twisted-wire-3-for-4-grinder.png"
"Power Tools","Nut Bit","PTA-NUT-BIT","Jon Bhandari - CUP BURSH TWISTED WIRE 4"" FOR 5"" GRINDER","YES - model/option PNG","power-tools-accessories-nut-bit--cup-bursh-twisted-wire-4-for-5-grinder.png"
"Power Tools","Nut Bit","PTA-NUT-BIT","Jon Bhandari - NUT BIT 10MMX65MM","YES - model/option PNG","power-tools-accessories-nut-bit--nut-bit-10mmx65mm.png"
"Power Tools","Nut Bit","PTA-NUT-BIT","Jon Bhandari - NUT BIT 8MMX50MM","YES - model/option PNG","power-tools-accessories-nut-bit--nut-bit-8mmx50mm.png"
"Power Tools","Outlet Hoses","PTA-OUTLET-HOSES","Bosch - EXTIONSION HOSE 6M WITH ADAPTOR","YES - model/option PNG","power-tools-accessories-outlet-hose--extionsion-hose-6m-with-adaptor.png"
"Power Tools","Outlet Hoses","PTA-OUTLET-HOSES","Bosch - OUTLET HOSE 6M-135BAR","YES - model/option PNG","power-tools-accessories-outlet-hose--outlet-hose-6m-135bar.png"
"Power Tools","Paint Mixer","PT-PAINT-MIXER","Dongcheng - ELECTRIC PAINT MIXER","YES - model/option PNG","paint-mixer--electric-paint-mixer.png"
"Power Tools","Paint Sprayer","PT-PAINT-SPRAYER","Checkmate - ELECTRIC PAINT SPRAYER","YES - model/option PNG","paint-sprayer--electric-paint-sprayer.png"
"Power Tools","Petrol Sprayer Lance","PTA-PETROL-SPRAYER-LAN","Kisaan Kraft - LANCE 2F","YES - model/option PNG","power-tools-accessories-petrol-sprayer-lance--lance-2f.png"
"Power Tools","Ph 65 Breaker Chisel","PTA-PH-65-BREAKER-CHIS","Chisels - 30X410 FLAT","YES - model/option PNG","power-tools-accessories-ph-65-breaker-chisel--30x410-flat.png"
"Power Tools","Ph 65 Breaker Chisel","PTA-PH-65-BREAKER-CHIS","Chisels - 30X410 POINT","YES - model/option PNG","power-tools-accessories-ph-65-breaker-chisel--30x410-point.png"
"Power Tools","Ph 65 Breaker Chisel","PTA-PH-65-BREAKER-CHIS","Chisels - 30X600 FLAT","YES - model/option PNG","power-tools-accessories-ph-65-breaker-chisel--30x600-flat.png"
"Power Tools","Ph 65 Breaker Chisel","PTA-PH-65-BREAKER-CHIS","Chisels - 30X600 POINT","YES - model/option PNG","power-tools-accessories-ph-65-breaker-chisel--30x600-point.png"
"Power Tools","Planer Blade For Wood","PTA-PLANER-BLADE-FOR-W","Golden Bullet - PLANER BLADE 330X30X3MM","YES - model/option PNG","power-tools-accessories-planer-blade-for-wood--planer-blade-330x30x3mm.png"
"Power Tools","Plastic Bag Sealing Machines","PT-PLASTIC-BAG-SEALIN","Global - SEALER 10""","YES - model/option PNG","plastic-bag-sealing-machine--sealer-10.png"
"Power Tools","Plastic Bag Sealing Machines","PT-PLASTIC-BAG-SEALIN","Global - SEALER 12""","YES - model/option PNG","plastic-bag-sealing-machine--sealer-12.png"
"Power Tools","Plastic Bag Sealing Machines","PT-PLASTIC-BAG-SEALIN","Global - SEALER 8""","YES - model/option PNG","plastic-bag-sealing-machine--sealer-8.png"
"Power Tools","Polish Pad 100Mm Gold Dcrpd4S1","PTA-POLISH-PAD-100MM-G","Surie Polex - SURIE POLISH WHEEL 0 LEVEL GRINDING","YES - model/option PNG","power-tools-accessories-polish-pad-100mm-gold-dcrpd4s1--surie-polish-wheel-0-level-grinding.png"
"Power Tools","Polish Pad 100Mm Gold Dcrpd4S1","PTA-POLISH-PAD-100MM-G","Surie Polex - SURIE POLISH WHEEL 1 FINE GRINDING","YES - model/option PNG","power-tools-accessories-polish-pad-100mm-gold-dcrpd4s1--surie-polish-wheel-1-fine-grinding.png"
"Power Tools","Polish Pad 100Mm Gold Dcrpd4S1","PTA-POLISH-PAD-100MM-G","Surie Polex - SURIE POLISH WHEEL 2 SMOOTH GRINDING","YES - model/option PNG","power-tools-accessories-polish-pad-100mm-gold-dcrpd4s1--surie-polish-wheel-2-smooth-grinding.png"
"Power Tools","Polish Pad 100Mm Gold Dcrpd4S1","PTA-POLISH-PAD-100MM-G","Surie Polex - SURIE POLISH WHEEL 3 PRE POLISH","YES - model/option PNG","power-tools-accessories-polish-pad-100mm-gold-dcrpd4s1--surie-polish-wheel-3-pre-polish.png"
"Power Tools","Polish Pad 100Mm Gold Dcrpd4S1","PTA-POLISH-PAD-100MM-G","Surie Polex - SURIE POLISH WHEEL 4 POLISH","YES - model/option PNG","power-tools-accessories-polish-pad-100mm-gold-dcrpd4s1--surie-polish-wheel-4-polish.png"
"Power Tools","Polish Pad 100Mm Gold Dcrpd4S1","PTA-POLISH-PAD-100MM-G","Surie Polex - SURIE POLISH WHEEL 5 FINE POLISH","YES - model/option PNG","power-tools-accessories-polish-pad-100mm-gold-dcrpd4s1--surie-polish-wheel-5-fine-polish.png"
"Power Tools","Polish Pad 100Mm Gold Dcrpd4S1","PTA-POLISH-PAD-100MM-G","Surie Polex - SURIE POLISH WHEEL 6 BUFF","YES - model/option PNG","power-tools-accessories-polish-pad-100mm-gold-dcrpd4s1--surie-polish-wheel-6-buff.png"
"Power Tools","Polish Pad 100Mm Mirrex Dcrpd4S1","PTA-POLISH-PAD-100MM-M","Surie Polex - SURIE POLISH WHEEL 0 LEVEL GRINDING","YES - model/option PNG","power-tools-accessories-polish-pad-100mm-mirrex-dcrpd4s1--surie-polish-wheel-0-level-grinding.png"
"Power Tools","Polish Pad 100Mm Mirrex Dcrpd4S1","PTA-POLISH-PAD-100MM-M","Surie Polex - SURIE POLISH WHEEL 1 FINE GRINDING","YES - model/option PNG","power-tools-accessories-polish-pad-100mm-mirrex-dcrpd4s1--surie-polish-wheel-1-fine-grinding.png"
"Power Tools","Polish Pad 100Mm Mirrex Dcrpd4S1","PTA-POLISH-PAD-100MM-M","Surie Polex - SURIE POLISH WHEEL 2 SMOOTH GRINDING","YES - model/option PNG","power-tools-accessories-polish-pad-100mm-mirrex-dcrpd4s1--surie-polish-wheel-2-smooth-grinding.png"
"Power Tools","Polish Pad 100Mm Mirrex Dcrpd4S1","PTA-POLISH-PAD-100MM-M","Surie Polex - SURIE POLISH WHEEL 3 PRE POLISH","YES - model/option PNG","power-tools-accessories-polish-pad-100mm-mirrex-dcrpd4s1--surie-polish-wheel-3-pre-polish.png"
"Power Tools","Polish Pad 100Mm Mirrex Dcrpd4S1","PTA-POLISH-PAD-100MM-M","Surie Polex - SURIE POLISH WHEEL 4 POLISH","YES - model/option PNG","power-tools-accessories-polish-pad-100mm-mirrex-dcrpd4s1--surie-polish-wheel-4-polish.png"
"Power Tools","Polish Pad 100Mm Mirrex Dcrpd4S1","PTA-POLISH-PAD-100MM-M","Surie Polex - SURIE POLISH WHEEL 5 FINE POLISH","YES - model/option PNG","power-tools-accessories-polish-pad-100mm-mirrex-dcrpd4s1--surie-polish-wheel-5-fine-polish.png"
"Power Tools","Polish Pad 100Mm Mirrex Dcrpd4S1","PTA-POLISH-PAD-100MM-M","Surie Polex - SURIE POLISH WHEEL 6 BUFF","YES - model/option PNG","power-tools-accessories-polish-pad-100mm-mirrex-dcrpd4s1--surie-polish-wheel-6-buff.png"
"Power Tools","Polish Pad For Granite/Marble","PTA-POLISH-PAD-FOR-GRA","Jon Bhandari - GRINDER PAD 0","YES - model/option PNG","power-tools-accessories-polish-pad-for-granite-marble--grinder-pad-0.png"
"Power Tools","Polish Pad For Granite/Marble","PTA-POLISH-PAD-FOR-GRA","Jon Bhandari - GRINDER PAD 1","YES - model/option PNG","power-tools-accessories-polish-pad-for-granite-marble--grinder-pad-1.png"
"Power Tools","Polish Pad For Granite/Marble","PTA-POLISH-PAD-FOR-GRA","Jon Bhandari - GRINDER PAD 2","YES - model/option PNG","power-tools-accessories-polish-pad-for-granite-marble--grinder-pad-2.png"
"Power Tools","Polish Pad For Granite/Marble","PTA-POLISH-PAD-FOR-GRA","Jon Bhandari - GRINDER PAD 3","YES - model/option PNG","power-tools-accessories-polish-pad-for-granite-marble--grinder-pad-3.png"
"Power Tools","Polish Pad For Granite/Marble","PTA-POLISH-PAD-FOR-GRA","Jon Bhandari - GRINDER PAD 4","YES - model/option PNG","power-tools-accessories-polish-pad-for-granite-marble--grinder-pad-4.png"
"Power Tools","Polish Pad For Granite/Marble","PTA-POLISH-PAD-FOR-GRA","Jon Bhandari - GRINDER PAD 5","YES - model/option PNG","power-tools-accessories-polish-pad-for-granite-marble--grinder-pad-5.png"
"Power Tools","Polish Pad For Granite/Marble","PTA-POLISH-PAD-FOR-GRA","Jon Bhandari - GRINDER PAD 6","YES - model/option PNG","power-tools-accessories-polish-pad-for-granite-marble--grinder-pad-6.png"
"Power Tools","Polishing Pad","PTA-POLISHING-PAD","Metso - 6"" POLISH PAD","YES - model/option PNG","power-tools-accessories-polishing-pad--6-polish-pad.png"
"Power Tools","Polishing Wheels","PTA-POLISHING-WHEELS","Ultrafast - FELT POLISH WHEEL WHITE 4""","YES - model/option PNG","power-tools-accessories-polishing-wheel--felt-polish-wheel-white-4.png"
"Power Tools","Polishing Wheels","PTA-POLISHING-WHEELS","Ultrafast - SDS ADAPTER 1/2"" 20UNF","YES - model/option PNG","power-tools-accessories-polishing-wheel--sds-adapter-1-2-20unf.png"
"Power Tools","Polishing Wheels","PTA-POLISHING-WHEELS","Ultrafast - SS POLISHING WHEEL RED 4""","YES - model/option PNG","power-tools-accessories-polishing-wheel--ss-polishing-wheel-red-4.png"
"Power Tools","Presssure Washers","PT-PRESSSURE-WASHERS","Thor - ECO-140-23-06","YES - model/option PNG","presssure-washer--eco-140-23-06.png"
"Power Tools","Pressure Washer Gun Accessories","PTA-PRESSURE-WASHER-GU","Tuqo - ADJUSTABLE NOZZLE BLACK DS50","YES - model/option PNG","power-tools-accessories-pressure-washer-gun-accessory--adjustable-nozzle-black-ds50.png"
"Power Tools","Pressure Washer Gun Accessories","PTA-PRESSURE-WASHER-GU","Tuqo - DRAIN SEWER CLEANER NOZZLE DS06 1/4""","YES - model/option PNG","power-tools-accessories-pressure-washer-gun-accessory--drain-sewer-cleaner-nozzle-ds06-1-4.png"
"Power Tools","Pressure Washer Gun Accessories","PTA-PRESSURE-WASHER-GU","Tuqo - DRAIN SEWER CLEANER NOZZLE DS07 3/8""","YES - model/option PNG","power-tools-accessories-pressure-washer-gun-accessory--drain-sewer-cleaner-nozzle-ds07-3-8.png"
"Power Tools","Pressure Washer Gun Accessories","PTA-PRESSURE-WASHER-GU","Tuqo - EXTENSION ROD 250mm VS13","YES - model/option PNG","power-tools-accessories-pressure-washer-gun-accessory--extension-rod-250mm-vs13.png"
"Power Tools","Pressure Washer Gun Accessories","PTA-PRESSURE-WASHER-GU","Tuqo - EXTENSION ROD 380mm VS15","YES - model/option PNG","power-tools-accessories-pressure-washer-gun-accessory--extension-rod-380mm-vs15.png"
"Power Tools","Pressure Washer Gun Accessories","PTA-PRESSURE-WASHER-GU","Tuqo - NOZZLE SET 4PC(0,15,25,40) DS102-065","YES - model/option PNG","power-tools-accessories-pressure-washer-gun-accessory--nozzle-set-4pc-0-15-25-40-ds102-065.png"
"Power Tools","Pressure Washer Gun Accessories","PTA-PRESSURE-WASHER-GU","Tuqo - NOZZLE SET 6PC(0,15,25,40,1SOAP,1PLANT)","YES - model/option PNG","power-tools-accessories-pressure-washer-gun-accessory--nozzle-set-6pc-0-15-25-40-1soap-1plant.png"
"Power Tools","Pressure Washer Gun Accessories","PTA-PRESSURE-WASHER-GU","Tuqo - PRESSURE WASHER GUN HG12","YES - model/option PNG","power-tools-accessories-pressure-washer-gun-accessory--pressure-washer-gun-hg12.png"
"Power Tools","Pressure Washer Gun Accessories","PTA-PRESSURE-WASHER-GU","Tuqo - QUICK RELEASE COUPLING FOR NOZZLE 1/4"" SV09","YES - model/option PNG","power-tools-accessories-pressure-washer-gun-accessory--quick-release-coupling-for-nozzle-1-4-sv09.png"
"Power Tools","Pressure Washer Gun Accessories","PTA-PRESSURE-WASHER-GU","Tuqo - QUICK RELEASE COUPLING FOR NOZZLE 3/8"" SAN150 (2PC)","YES - model/option PNG","power-tools-accessories-pressure-washer-gun-accessory--quick-release-coupling-for-nozzle-3-8-san150-2pc.png"
"Power Tools","Pressure Washer Gun Accessories","PTA-PRESSURE-WASHER-GU","Tuqo - SPRAY NOZZLE 6IN1 DS356","YES - model/option PNG","power-tools-accessories-pressure-washer-gun-accessory--spray-nozzle-6in1-ds356.png"
"Power Tools","Pressure Washer Gun Accessories","PTA-PRESSURE-WASHER-GU","Tuqo - TURBO ROTARY NOZZLES (25°,35°,40°,70°) RU025","YES - model/option PNG","power-tools-accessories-pressure-washer-gun-accessory--turbo-rotary-nozzles-25-35-40-70-ru025.png"
"Power Tools","Pressure Washer Gun Accessories","PTA-PRESSURE-WASHER-GU","Tuqo - TURBO ROTARY NOZZLES (25°,35°,40°,70°) RU040","YES - model/option PNG","power-tools-accessories-pressure-washer-gun-accessory--turbo-rotary-nozzles-25-35-40-70-ru040.png"
"Power Tools","Pressure Washer Gun Accessories","PTA-PRESSURE-WASHER-GU","Tuqo - WATER FILTER","YES - model/option PNG","power-tools-accessories-pressure-washer-gun-accessory--water-filter.png"
"Power Tools","Pressure Washer Outlet Hose","PTA-PRESSURE-WASHER-OU","Strong Ali - PRESSURE WASHER OUTLET HOSE 10M","YES - model/option PNG","power-tools-accessories-pressure-washer-outlet-hose--pressure-washer-outlet-hose-10m.png"
"Power Tools","Pressure Washer Outlet Hose","PTA-PRESSURE-WASHER-OU","Strong Ali - PRESSURE WASHER OUTLET HOSE 12M","YES - model/option PNG","power-tools-accessories-pressure-washer-outlet-hose--pressure-washer-outlet-hose-12m.png"
"Power Tools","Pressure Washer Outlet Hose","PTA-PRESSURE-WASHER-OU","Strong Ali - PRESSURE WASHER OUTLET HOSE 15M","YES - model/option PNG","power-tools-accessories-pressure-washer-outlet-hose--pressure-washer-outlet-hose-15m.png"
"Power Tools","Pressure Washer Outlet Hose","PTA-PRESSURE-WASHER-OU","Strong Ali - PRESSURE WASHER OUTLET HOSE 8M","YES - model/option PNG","power-tools-accessories-pressure-washer-outlet-hose--pressure-washer-outlet-hose-8m.png"
"Power Tools","Pressure Washer Outlet Hose","PTA-PRESSURE-WASHER-OU","Tuqo - HOSE CONNECTOR HEX NIPPLE M22 RB438","YES - model/option PNG","power-tools-accessories-pressure-washer-outlet-hose--hose-connector-hex-nipple-m22-rb438.png"
"Power Tools","Pressure Washer Outlet Hose","PTA-PRESSURE-WASHER-OU","Tuqo - OUTLET HOSE 10M AW09","YES - model/option PNG","power-tools-accessories-pressure-washer-outlet-hose--outlet-hose-10m-aw09.png"
"Power Tools","Pressure Washer Outlet Hose","PTA-PRESSURE-WASHER-OU","Tuqo - OUTLET HOSE 15M AW10","YES - model/option PNG","power-tools-accessories-pressure-washer-outlet-hose--outlet-hose-15m-aw10.png"
"Power Tools","Pressure Washer Outlet Hose","PTA-PRESSURE-WASHER-OU","Tuqo - OUTLET HOSE 20M AW11","YES - model/option PNG","power-tools-accessories-pressure-washer-outlet-hose--outlet-hose-20m-aw11.png"
"Power Tools","Pressure Washer Outlet Hose","PTA-PRESSURE-WASHER-OU","Tuqo - OUTLET HOSE 7M AW06","YES - model/option PNG","power-tools-accessories-pressure-washer-outlet-hose--outlet-hose-7m-aw06.png"
"Power Tools","Pressure Washers","PT-PRESSURE-WASHERS","Bosch - AQT 140","YES - model/option PNG","pressure-washer--aqt-140.png"
"Power Tools","Pressure Washers","PT-PRESSURE-WASHERS","Mitsuki - HIGH PRESSURE WASHER MI5","YES - model/option PNG","pressure-washer--high-pressure-washer-mi5.png"
"Power Tools","Pressure Washers","PT-PRESSURE-WASHERS","Mitsuki - HIGH PRESSURE WASHER MI8","YES - model/option PNG","pressure-washer--high-pressure-washer-mi8.png"
"Power Tools","Pressure Washers","PT-PRESSURE-WASHERS","Parksiide - HIGH PRESSURE WASHER 240 BAR","YES - model/option PNG","pressure-washer--high-pressure-washer-240-bar.png"
"Power Tools","Pressure Washers","PT-PRESSURE-WASHERS","Tuqo - HIGH PRESSURE WASHER HW1000","YES - model/option PNG","pressure-washer--high-pressure-washer-hw1000.png"
"Power Tools","Pressure Washers","PT-PRESSURE-WASHERS","Tuqo - HIGH PRESSURE WASHER HW1800","YES - model/option PNG","pressure-washer--high-pressure-washer-hw1800.png"
"Power Tools","Pressure Washers","PT-PRESSURE-WASHERS","Tuqo - HIGH PRESSURE WASHER HW1900","YES - model/option PNG","pressure-washer--high-pressure-washer-hw1900.png"
"Power Tools","Pressure Washers","PT-PRESSURE-WASHERS","Tuqo - HIGH PRESSURE WASHER HW2000","YES - model/option PNG","pressure-washer--high-pressure-washer-hw2000.png"
"Power Tools","Pressure Washers","PT-PRESSURE-WASHERS","Tuqo - HIGH PRESSURE WASHER HW2020","YES - model/option PNG","pressure-washer--high-pressure-washer-hw2020.png"
"Power Tools","Pressure Washers","PT-PRESSURE-WASHERS","Tuqo - HIGH PRESSURE WASHER HW2050","YES - model/option PNG","pressure-washer--high-pressure-washer-hw2050.png"
"Power Tools","Pressure Washers","PT-PRESSURE-WASHERS","Tuqo - HIGH PRESSURE WASHER HW2060","YES - model/option PNG","pressure-washer--high-pressure-washer-hw2060.png"
"Power Tools","Pressure Washers","PT-PRESSURE-WASHERS","Tuqo - HIGH PRESSURE WASHER HW2070","YES - model/option PNG","pressure-washer--high-pressure-washer-hw2070.png"
"Power Tools","Pressure Washers","PT-PRESSURE-WASHERS","Tuqo - HIGH PRESSURE WASHER HW2080","YES - model/option PNG","pressure-washer--high-pressure-washer-hw2080.png"
"Power Tools","Pressure Washers","PT-PRESSURE-WASHERS","Tuqo - HIGH PRESSURE WASHER HW2300","YES - model/option PNG","pressure-washer--high-pressure-washer-hw2300.png"
"Power Tools","Pressure Washers","PT-PRESSURE-WASHERS","Xlnt - XL-12-8","YES - model/option PNG","pressure-washer--xl-12-8.png"
"Power Tools","Pressure Washers","PT-PRESSURE-WASHERS","Xlnt - XL-2209","YES - model/option PNG","pressure-washer--xl-2209.png"
"Power Tools","Pressure Washers","PT-PRESSURE-WASHERS","Xlnt - XTHPW-37","YES - model/option PNG","pressure-washer--xthpw-37.png"
"Power Tools","Pvc Pipe Cutter","PTA-PVC-PIPE-CUTTER","Ultrafast - PVC PIPE CUTTER 38MM","YES - model/option PNG","power-tools-accessories-pvc-pipe-cutter--pvc-pipe-cutter-38mm.png"
"Power Tools","Rainbow 2000 Ceramic Black Tiles Cutter","PTA-RAINBOW-2000-CERAM","Rainbow - TILES CUTTER CERAMIC BLACK","YES - model/option PNG","power-tools-accessories-rainbow-2000-ceramic-black-tiles-cutter--tiles-cutter-ceramic-black.png"
"Power Tools","Rainbow 2000 Marble/Granite Cutter","PTA-RAINBOW-2000-MARBL","Rainbow - MARBLE/GRANITE CUTTER 4"" G+","YES - model/option PNG","power-tools-accessories-rainbow-2000-marble-granite-cutter--marble-granite-cutter-4-g.png"
"Power Tools","Random Orbital Sander","PT-RANDOM-ORBITAL-SAN","Bosch - GEX-125","YES - model/option PNG","random-orbital-sander--gex-125.png"
"Power Tools","Rotary Hammer","PT-ROTARY-HAMMER","Bosch - GBH 2-24 DRE 2.7J","YES - model/option PNG","rotary-hammer--gbh-2-24-dre-2-7j.png"
"Power Tools","Rotary Hammer","PT-ROTARY-HAMMER","Bosch - GBH 220","YES - model/option PNG","rotary-hammer--gbh-220.png"
"Power Tools","Rotary Hammer","PT-ROTARY-HAMMER","Bosch - GCO 14-24","YES - model/option PNG","rotary-hammer--gco-14-24.png"
"Power Tools","Rotary Hammer","PT-ROTARY-HAMMER","Bosch - GCO-220","YES - model/option PNG","rotary-hammer--gco-220.png"
"Power Tools","Rotary Hammer","PT-ROTARY-HAMMER","Bosch - GHG 180","YES - model/option PNG","rotary-hammer--ghg-180.png"
"Power Tools","Rotary Hammer","PT-ROTARY-HAMMER","Bosch - GHG 20-60","YES - model/option PNG","rotary-hammer--ghg-20-60.png"
"Power Tools","Rotary Hammer","PT-ROTARY-HAMMER","Bosch - GHG 20-63","YES - model/option PNG","rotary-hammer--ghg-20-63.png"
"Power Tools","Rotary Hammer","PT-ROTARY-HAMMER","Ultra Touch - ROTARY HAMMER","YES - model/option PNG","rotary-hammer--rotary-hammer.png"
"Power Tools","Router Machines","PT-ROUTER-MACHINES","Bosch - GOF130 UPTO 8MM BIT","YES - model/option PNG","router-machine--gof130-upto-8mm-bit.png"
"Power Tools","Router/Trimmer","PT-ROUTER-TRIMMER","Dongcheng - TRIMMER","YES - model/option PNG","router-trimmer--trimmer.png"
"Power Tools","Sds Plus Bits","PTA-SDS-PLUS-BITS","Bosch - SDS PLUS 6X150X210mm","YES - model/option PNG","power-tools-accessories-sds-plus-bit--sds-plus-6x150x210mm.png"
"Power Tools","Soldron Soldering Irons","PT-SOLDRON-SOLDERING-","Soldron - SI15-30A VARIABLE","YES - model/option PNG","soldron-soldering-irons--si15-30a-variable.png"
"Power Tools","Soldron Soldering Irons","PT-SOLDRON-SOLDERING-","Soldron - SI25A","YES - model/option PNG","soldron-soldering-irons--si25a.png"
"Power Tools","Soldron Soldering Irons","PT-SOLDRON-SOLDERING-","Soldron - SI35A","YES - model/option PNG","soldron-soldering-irons--si35a.png"
"Power Tools","Soldron Soldering Irons","PT-SOLDRON-SOLDERING-","Soldron - SI50A","YES - model/option PNG","soldron-soldering-irons--si50a.png"
"Power Tools","Soldron Soldering Irons","PT-SOLDRON-SOLDERING-","Soldron - VAFG15-30 AUTO FEEDER","YES - model/option PNG","soldron-soldering-irons--vafg15-30-auto-feeder.png"
"Power Tools","Spare Battery","PTS-SPARE-BATTERY","Angle Grinders - SPARE BATTERY 12.0V","YES - model/option PNG","power-tools-spare-parts-spare-battery--spare-battery-12-0v.png"
"Power Tools","Sponge Polish Wheel","PTA-SPONGE-POLISH-WHEE","Raj Xtreme - SPONGE POLISH WHEEL 5""","YES - model/option PNG","power-tools-accessories-sponge-polish-wheel--sponge-polish-wheel-5.png"
"Power Tools","Sponge Polish Wheel","PTA-SPONGE-POLISH-WHEE","Raj Xtreme - SPONGE POLISH WHEEL 7""","YES - model/option PNG","power-tools-accessories-sponge-polish-wheel--sponge-polish-wheel-7.png"
"Power Tools","Star Bit / Nut Bit","PTA-STAR-BIT-NUT-BIT","Ultrafast - DISCO BIT","YES - model/option PNG","power-tools-accessories-star-bit-nut-bit--disco-bit.png"
"Power Tools","Star Bit / Nut Bit","PTA-STAR-BIT-NUT-BIT","Ultrafast - NUT BIT 8MM X 50MM SHORT","YES - model/option PNG","power-tools-accessories-star-bit-nut-bit--nut-bit-8mm-x-50mm-short.png"
"Power Tools","Star Bit / Nut Bit","PTA-STAR-BIT-NUT-BIT","Ultrafast - NUT BIT 8MM X 65MM LONG","YES - model/option PNG","power-tools-accessories-star-bit-nut-bit--nut-bit-8mm-x-65mm-long.png"
"Power Tools","Step Drill","PTA-STEP-DRILL","Jon Bhandari - STEP DRILL 4-32","YES - model/option PNG","power-tools-accessories-step-drill--step-drill-4-32.png"
"Power Tools","Step Drill","PTA-STEP-DRILL","Ultrafast - STEP DRILL 4-32","YES - model/option PNG","power-tools-accessories-step-drill--step-drill-4-32.png"
"Power Tools","Tct Blade For Wood","PTA-TCT-BLADE-FOR-WOOD","Golden Bullet - 4"" 110mmx30Tx2.2mm","YES - model/option PNG","power-tools-accessories-tct-blade-for-wood--4-110mmx30tx2-2mm.png"
"Power Tools","Tct Blade For Wood","PTA-TCT-BLADE-FOR-WOOD","Golden Bullet - 4"" 110mmx40Tx2.2mm","YES - model/option PNG","power-tools-accessories-tct-blade-for-wood--4-110mmx40tx2-2mm.png"
"Power Tools","Tct Blade For Wood","PTA-TCT-BLADE-FOR-WOOD","Golden Bullet - 5"" 125mmx30Tx2.2mm","YES - model/option PNG","power-tools-accessories-tct-blade-for-wood--5-125mmx30tx2-2mm.png"
"Power Tools","Tct Blade For Wood","PTA-TCT-BLADE-FOR-WOOD","Golden Bullet - 5"" 125mmx40Tx2.2mm","YES - model/option PNG","power-tools-accessories-tct-blade-for-wood--5-125mmx40tx2-2mm.png"
"Power Tools","Tct Blades","PTA-TCT-BLADES","Bosch - TCT BLADE 10""X60T","YES - model/option PNG","power-tools-accessories-tct-blade--tct-blade-10-x60t.png"
"Power Tools","Tct Blades","PTA-TCT-BLADES","Bosch - TCT BLADE 4""X40T","YES - model/option PNG","power-tools-accessories-tct-blade--tct-blade-4-x40t.png"
"Power Tools","Tct Blades","PTA-TCT-BLADES","Bosch - TCT BLADE 5""X12T","YES - model/option PNG","power-tools-accessories-tct-blade--tct-blade-5-x12t.png"
"Power Tools","Tct Blades","PTA-TCT-BLADES","Bosch - TCT BLADE 5""X40T","YES - model/option PNG","power-tools-accessories-tct-blade--tct-blade-5-x40t.png"
"Power Tools","Tct Blades","PTA-TCT-BLADES","Bosch - TCT BLADE 7""X60T","YES - model/option PNG","power-tools-accessories-tct-blade--tct-blade-7-x60t.png"
"Power Tools","Tct Blades","PTA-TCT-BLADES","Hikoki - 4"" 110X1.5X20X40P","YES - model/option PNG","power-tools-accessories-tct-blade--4-110x1-5x20x40p.png"
"Power Tools","Tct Blades","PTA-TCT-BLADES","Hikoki - 5"" 125X1.5X20X40P","YES - model/option PNG","power-tools-accessories-tct-blade--5-125x1-5x20x40p.png"
"Power Tools","Tct Hole Saw 10/Mm (Approx Retail Sales)","PTA-TCT-HOLE-SAW-10-MM","Ultrafast - HEX SOCKET 13","YES - model/option PNG","power-tools-accessories-tct-hole-saw-10-mm-approx-retail-sales--hex-socket-13.png"
"Power Tools","Tct Hole Saw 10/Mm (Approx Retail Sales)","PTA-TCT-HOLE-SAW-10-MM","Ultrafast - HEX SOCKET 16","YES - model/option PNG","power-tools-accessories-tct-hole-saw-10-mm-approx-retail-sales--hex-socket-16.png"
"Power Tools","Tct Hole Saw 10/Mm (Approx Retail Sales)","PTA-TCT-HOLE-SAW-10-MM","Ultrafast - HEX SOCKET 17","YES - model/option PNG","power-tools-accessories-tct-hole-saw-10-mm-approx-retail-sales--hex-socket-17.png"
"Power Tools","Tct Hole Saw 10/Mm (Approx Retail Sales)","PTA-TCT-HOLE-SAW-10-MM","Ultrafast - HEX SOCKET 18","YES - model/option PNG","power-tools-accessories-tct-hole-saw-10-mm-approx-retail-sales--hex-socket-18.png"
"Power Tools","Tct Hole Saw 10/Mm (Approx Retail Sales)","PTA-TCT-HOLE-SAW-10-MM","Ultrafast - HEX SOCKET 20","YES - model/option PNG","power-tools-accessories-tct-hole-saw-10-mm-approx-retail-sales--hex-socket-20.png"
"Power Tools","Tct Hole Saw 10/Mm (Approx Retail Sales)","PTA-TCT-HOLE-SAW-10-MM","Ultrafast - HEX SOCKET 21","YES - model/option PNG","power-tools-accessories-tct-hole-saw-10-mm-approx-retail-sales--hex-socket-21.png"
"Power Tools","Tct Hole Saw 10/Mm (Approx Retail Sales)","PTA-TCT-HOLE-SAW-10-MM","Ultrafast - HEX SOCKET 22","YES - model/option PNG","power-tools-accessories-tct-hole-saw-10-mm-approx-retail-sales--hex-socket-22.png"
"Power Tools","Tct Hole Saw 10/Mm (Approx Retail Sales)","PTA-TCT-HOLE-SAW-10-MM","Ultrafast - HEX SOCKET 24","YES - model/option PNG","power-tools-accessories-tct-hole-saw-10-mm-approx-retail-sales--hex-socket-24.png"
"Power Tools","Tct Hole Saw 10/Mm (Approx Retail Sales)","PTA-TCT-HOLE-SAW-10-MM","Ultrafast - HEX SOCKET 26","YES - model/option PNG","power-tools-accessories-tct-hole-saw-10-mm-approx-retail-sales--hex-socket-26.png"
"Power Tools","Tct Hole Saw 10/Mm (Approx Retail Sales)","PTA-TCT-HOLE-SAW-10-MM","Ultrafast - HEX SOCKET 30","YES - model/option PNG","power-tools-accessories-tct-hole-saw-10-mm-approx-retail-sales--hex-socket-30.png"
"Power Tools","Tct Hole Saw 10/Mm (Approx Retail Sales)","PTA-TCT-HOLE-SAW-10-MM","Ultrafast - TCT HOLE SAW 12MM","YES - model/option PNG","power-tools-accessories-tct-hole-saw-10-mm-approx-retail-sales--tct-hole-saw-12mm.png"
"Power Tools","Tct Hole Saw 10/Mm (Approx Retail Sales)","PTA-TCT-HOLE-SAW-10-MM","Ultrafast - TCT HOLE SAW 16MM","YES - model/option PNG","power-tools-accessories-tct-hole-saw-10-mm-approx-retail-sales--tct-hole-saw-16mm.png"
"Power Tools","Tct Hole Saw 10/Mm (Approx Retail Sales)","PTA-TCT-HOLE-SAW-10-MM","Ultrafast - TCT HOLE SAW 18MM","YES - model/option PNG","power-tools-accessories-tct-hole-saw-10-mm-approx-retail-sales--tct-hole-saw-18mm.png"
"Power Tools","Tct Hole Saw 10/Mm (Approx Retail Sales)","PTA-TCT-HOLE-SAW-10-MM","Ultrafast - TCT HOLE SAW 19MM","YES - model/option PNG","power-tools-accessories-tct-hole-saw-10-mm-approx-retail-sales--tct-hole-saw-19mm.png"
"Power Tools","Tct Hole Saw 10/Mm (Approx Retail Sales)","PTA-TCT-HOLE-SAW-10-MM","Ultrafast - TCT HOLE SAW 20MM","YES - model/option PNG","power-tools-accessories-tct-hole-saw-10-mm-approx-retail-sales--tct-hole-saw-20mm.png"
"Power Tools","Tct Hole Saw 10/Mm (Approx Retail Sales)","PTA-TCT-HOLE-SAW-10-MM","Ultrafast - TCT HOLE SAW 22MM","YES - model/option PNG","power-tools-accessories-tct-hole-saw-10-mm-approx-retail-sales--tct-hole-saw-22mm.png"
"Power Tools","Tct Hole Saw 10/Mm (Approx Retail Sales)","PTA-TCT-HOLE-SAW-10-MM","Ultrafast - TCT HOLE SAW 25MM","YES - model/option PNG","power-tools-accessories-tct-hole-saw-10-mm-approx-retail-sales--tct-hole-saw-25mm.png"
"Power Tools","Tct Hole Saw 10/Mm (Approx Retail Sales)","PTA-TCT-HOLE-SAW-10-MM","Ultrafast - TCT HOLE SAW 32MM","YES - model/option PNG","power-tools-accessories-tct-hole-saw-10-mm-approx-retail-sales--tct-hole-saw-32mm.png"
"Power Tools","Tct Hole Saw 10/Mm (Approx Retail Sales)","PTA-TCT-HOLE-SAW-10-MM","Ultrafast - TCT HOLE SAW 35MM","YES - model/option PNG","power-tools-accessories-tct-hole-saw-10-mm-approx-retail-sales--tct-hole-saw-35mm.png"
"Power Tools","Tct Hole Saw 10/Mm (Approx Retail Sales)","PTA-TCT-HOLE-SAW-10-MM","Ultrafast - TCT HOLE SAW 44MM","YES - model/option PNG","power-tools-accessories-tct-hole-saw-10-mm-approx-retail-sales--tct-hole-saw-44mm.png"
"Power Tools","Tct Hole Saw 10/Mm (Approx Retail Sales)","PTA-TCT-HOLE-SAW-10-MM","Ultrafast - TCT HOLE SAW 50MM","YES - model/option PNG","power-tools-accessories-tct-hole-saw-10-mm-approx-retail-sales--tct-hole-saw-50mm.png"
"Power Tools","Tct Hole Saw 10/Mm (Approx Retail Sales)","PTA-TCT-HOLE-SAW-10-MM","Ultrafast - TCT HOLE SAW 57MM","YES - model/option PNG","power-tools-accessories-tct-hole-saw-10-mm-approx-retail-sales--tct-hole-saw-57mm.png"
"Power Tools","Tct Hole Saw 10/Mm (Approx Retail Sales)","PTA-TCT-HOLE-SAW-10-MM","Ultrafast - TCT HOLE SAW 63MM","YES - model/option PNG","power-tools-accessories-tct-hole-saw-10-mm-approx-retail-sales--tct-hole-saw-63mm.png"
"Power Tools","Tct Saw Blades","PTA-TCT-SAW-BLADES","Makita - TCT SAW BLADES 10""X32T","YES - model/option PNG","power-tools-accessories-tct-saw-blade--tct-saw-blades-10-x32t.png"
"Power Tools","Thermal Foggers","PT-THERMAL-FOGGERS","Kisan Kraft - THERMAL FOGGER KK-TF-8610","YES - model/option PNG","thermal-fogger--thermal-fogger-kk-tf-8610.png"
"Power Tools","Tig Welding Machines","PT-TIG-WELDING-MACHIN","Toshweld - TIG 200","YES - model/option PNG","tig-welding-machine--tig-200.png"
"Power Tools","Tig Welding Machines","PT-TIG-WELDING-MACHIN","Toshweld - TIG 300","YES - model/option PNG","tig-welding-machine--tig-300.png"
"Power Tools","Tile Vibrator Machine Cordless","PT-TILE-VIBRATOR-MACH","Ultra Touch - TILE VIBRATOR MACHINE 21V","YES - model/option PNG","tile-vibrator-machine-cordless--tile-vibrator-machine-21v.png"
"Power Tools","Tiles Cutting Blades","PTA-TILES-CUTTING-BLAD","Ultrafast - 4"" ZERO CHIPPING X8T SEGMENTED","YES - model/option PNG","power-tools-accessories-tiles-cutting-blade--4-zero-chipping-x8t-segmented.png"
"Power Tools","Tuqo Foam Lance","PTA-TUQO-FOAM-LANCE","Tuqo - FOAM CAN FOR GUN TFL100","YES - model/option PNG","power-tools-accessories-tuqo-foam-lance--foam-can-for-gun-tfl100.png"
"Power Tools","Tuqo Foam Lance","PTA-TUQO-FOAM-LANCE","Tuqo - PRESSURE WASHER FOAM LANCE TFL302","YES - model/option PNG","power-tools-accessories-tuqo-foam-lance--pressure-washer-foam-lance-tfl302.png"
"Power Tools","Tuqo Foam Lance","PTA-TUQO-FOAM-LANCE","Tuqo - TUQO MICRO FIBER CLOTH 340GSM 40X40CM TQ410","YES - model/option PNG","power-tools-accessories-tuqo-foam-lance--tuqo-micro-fiber-cloth-340gsm-40x40cm-tq410.png"
"Power Tools","Tuqo Washer Fluids","PTA-TUQO-WASHER-FLUIDS","Tuqo - TUQO CAR DETAILING BRUSH SET TQ490","YES - model/option PNG","power-tools-accessories-tuqo-washer-fluids--tuqo-car-detailing-brush-set-tq490.png"
"Power Tools","Tuqo Washer Fluids","PTA-TUQO-WASHER-FLUIDS","Tuqo - TUQO GOLD SELECT FOAM CWS24 500ML","YES - model/option PNG","power-tools-accessories-tuqo-washer-fluids--tuqo-gold-select-foam-cws24-500ml.png"
"Power Tools","Tuqo Washer Fluids","PTA-TUQO-WASHER-FLUIDS","Tuqo - TUQO PREMIUM SHAMPOO CWS28 5L","YES - model/option PNG","power-tools-accessories-tuqo-washer-fluids--tuqo-premium-shampoo-cws28-5l.png"
"Power Tools","Tuqo Washer Fluids","PTA-TUQO-WASHER-FLUIDS","Tuqo - TUQO PREMIUM SHAMPOO CWS22 200ML","YES - model/option PNG","power-tools-accessories-tuqo-washer-fluids--tuqo-premium-shampoo-cws22-200ml.png"
"Power Tools","Tuqo Washer Fluids","PTA-TUQO-WASHER-FLUIDS","Tuqo - TUQO PREMIUM SHAMPOO CWS24 500ML","YES - model/option PNG","power-tools-accessories-tuqo-washer-fluids--tuqo-premium-shampoo-cws24-500ml.png"
"Power Tools","Tuqo Washer Fluids","PTA-TUQO-WASHER-FLUIDS","Tuqo - TUQO SCRUBBER BRUSH 4PC SB20","YES - model/option PNG","power-tools-accessories-tuqo-washer-fluids--tuqo-scrubber-brush-4pc-sb20.png"
"Power Tools","Tuqo Washer Fluids","PTA-TUQO-WASHER-FLUIDS","Tuqo - TUQO XTREME FOAM CWS04 500ML","YES - model/option PNG","power-tools-accessories-tuqo-washer-fluids--tuqo-xtreme-foam-cws04-500ml.png"
"Power Tools","Vaccum Cleaners","PT-VACCUM-CLEANERS","Bosch - GAS 12-25","YES - model/option PNG","vaccum-cleaner--gas-12-25.png"
"Power Tools","Vaccum Cleaners","PT-VACCUM-CLEANERS","Bosch - GAS 15PS","YES - model/option PNG","vaccum-cleaner--gas-15ps.png"
"Power Tools","Vaccum Cleaners","PT-VACCUM-CLEANERS","Bosch - GAS 400A","YES - model/option PNG","vaccum-cleaner--gas-400a.png"
"Power Tools","Vaccum Cleaners","PT-VACCUM-CLEANERS","Tuqo - VACCUM CLEANER 100L VK07","YES - model/option PNG","vaccum-cleaner--vaccum-cleaner-100l-vk07.png"
"Power Tools","Vaccum Cleaners","PT-VACCUM-CLEANERS","Tuqo - VACCUM CLEANER 25L VK02","YES - model/option PNG","vaccum-cleaner--vaccum-cleaner-25l-vk02.png"
"Power Tools","Vaccum Cleaners","PT-VACCUM-CLEANERS","Tuqo - VACCUM CLEANER 35L VK03","YES - model/option PNG","vaccum-cleaner--vaccum-cleaner-35l-vk03.png"
"Power Tools","Vaccum Cleaners","PT-VACCUM-CLEANERS","Tuqo - VACCUM CLEANER 70L VK06","YES - model/option PNG","vaccum-cleaner--vaccum-cleaner-70l-vk06.png"
"Power Tools","Vaccum Cleaners","PT-VACCUM-CLEANERS","Xlnt - VACCUM CLEANER XTVC 40-30","YES - model/option PNG","vaccum-cleaner--vaccum-cleaner-xtvc-40-30.png"
"Power Tools","Velcro Disc","PTA-VELCRO-DISC","Starcke - 5"" VELCRO DISC G 80-600","YES - model/option PNG","power-tools-accessories-velcro-disc--5-velcro-disc-g-80-600.png"
"Power Tools","Velcro Disc","PTA-VELCRO-DISC","Starcke - 7"" VELCRO DISC WALL SANDING DISC","YES - model/option PNG","power-tools-accessories-velcro-disc--7-velcro-disc-wall-sanding-disc.png"
"Power Tools","Velcro Disc","PTA-VELCRO-DISC","Starcke - 9"" VELCRO DISC WALL SANDING DISC","YES - model/option PNG","power-tools-accessories-velcro-disc--9-velcro-disc-wall-sanding-disc.png"
"Power Tools","Velcro Disc","PTA-VELCRO-DISC","Ultrafast - 5"" GRIT","YES - model/option PNG","power-tools-accessories-velcro-disc--5-grit.png"
"Power Tools","Velcro Disc","PTA-VELCRO-DISC","Ultrafast - 7"" GRIT 60","YES - model/option PNG","power-tools-accessories-velcro-disc--7-grit-60.png"
"Power Tools","Velcro Disc 5"" Yellow","PTA-VELCRO-DISC-5-YELL","Bosch - VELCRO DISC 5""X120G","YES - model/option PNG","power-tools-accessories-velcro-disc-5-yellow--velcro-disc-5-x120g.png"
"Power Tools","Velcro Disc 5"" Yellow","PTA-VELCRO-DISC-5-YELL","Bosch - VELCRO DISC 5""X180G","YES - model/option PNG","power-tools-accessories-velcro-disc-5-yellow--velcro-disc-5-x180g.png"
"Power Tools","Velcro Disc 5"" Yellow","PTA-VELCRO-DISC-5-YELL","Bosch - VELCRO DISC 5""X220G","YES - model/option PNG","power-tools-accessories-velcro-disc-5-yellow--velcro-disc-5-x220g.png"
"Power Tools","Velcro Disc 5"" Yellow","PTA-VELCRO-DISC-5-YELL","Bosch - VELCRO DISC 5""X320G","YES - model/option PNG","power-tools-accessories-velcro-disc-5-yellow--velcro-disc-5-x320g.png"
"Power Tools","Velcro Disc 5"" Yellow","PTA-VELCRO-DISC-5-YELL","Bosch - VELCRO DISC 5""X400G","YES - model/option PNG","power-tools-accessories-velcro-disc-5-yellow--velcro-disc-5-x400g.png"
"Power Tools","Velcro Disc 5"" Yellow","PTA-VELCRO-DISC-5-YELL","Bosch - VELCRO DISC 5""X500G","YES - model/option PNG","power-tools-accessories-velcro-disc-5-yellow--velcro-disc-5-x500g.png"
"Power Tools","Velcro Disc 5"" Yellow","PTA-VELCRO-DISC-5-YELL","Bosch - VELCRO DISC 5""X600G","YES - model/option PNG","power-tools-accessories-velcro-disc-5-yellow--velcro-disc-5-x600g.png"
"Power Tools","Velcro Disc 5"" Yellow","PTA-VELCRO-DISC-5-YELL","Bosch - VELCRO DISC 5""X60G","YES - model/option PNG","power-tools-accessories-velcro-disc-5-yellow--velcro-disc-5-x60g.png"
"Power Tools","Velcro Disc 5"" Yellow","PTA-VELCRO-DISC-5-YELL","Bosch - VELCRO DISC 5""X80G","YES - model/option PNG","power-tools-accessories-velcro-disc-5-yellow--velcro-disc-5-x80g.png"
"Power Tools","Velcro Disc 6""Brown","PTA-VELCRO-DISC-6-BROW","Bosch - VELCRO DISC 6""X120G","YES - model/option PNG","power-tools-accessories-velcro-disc-6-brown--velcro-disc-6-x120g.png"
"Power Tools","Velcro Disc 6""Brown","PTA-VELCRO-DISC-6-BROW","Bosch - VELCRO DISC 6""X240G","YES - model/option PNG","power-tools-accessories-velcro-disc-6-brown--velcro-disc-6-x240g.png"
"Power Tools","Velcro Disc 6""Brown","PTA-VELCRO-DISC-6-BROW","Bosch - VELCRO DISC 6""X320G","YES - model/option PNG","power-tools-accessories-velcro-disc-6-brown--velcro-disc-6-x320g.png"
"Power Tools","Velcro Disc 6""Brown","PTA-VELCRO-DISC-6-BROW","Bosch - VELCRO DISC 6""X40G","YES - model/option PNG","power-tools-accessories-velcro-disc-6-brown--velcro-disc-6-x40g.png"
"Power Tools","Velcro Disc 6""Brown","PTA-VELCRO-DISC-6-BROW","Bosch - VELCRO DISC 6""X60G","YES - model/option PNG","power-tools-accessories-velcro-disc-6-brown--velcro-disc-6-x60g.png"
"Power Tools","Velcro Disc 6""Brown","PTA-VELCRO-DISC-6-BROW","Bosch - VELCRO DISC 6""X80G","YES - model/option PNG","power-tools-accessories-velcro-disc-6-brown--velcro-disc-6-x80g.png"
"Power Tools","Vibrator Needle","PTA-VIBRATOR-NEEDLE","Raj Xtreme - CONCRETE VIBRATOR NEEDLE 35mmX3M","YES - model/option PNG","power-tools-accessories-vibrator-needle--concrete-vibrator-needle-35mmx3m.png"
"Power Tools","Vibrator Needle","PTA-VIBRATOR-NEEDLE","Swastik Gold - VIBRATOR NEEDLE 1.5MX35MM","YES - model/option PNG","power-tools-accessories-vibrator-needle--vibrator-needle-1-5mx35mm.png"
"Power Tools","Wall Cutting Wheels","PTA-WALL-CUTTING-WHEEL","Jon Bhandari - WALL CUTTING BLADE 5"" FAST CUT(YELLOW)","YES - model/option PNG","power-tools-accessories-wall-cutting-wheel--wall-cutting-blade-5-fast-cut-yellow.png"
"Power Tools","Wood Circular Saw 7""","PT-WOOD-CIRCULAR-SAW-","Bosch - GKS130","YES - model/option PNG","wood-circular-saw-7--gks130.png"
"Ropes","Brown Polypropylene Rope","RP-BPP","Main product/family photo","YES - one PNG","brown-polypropylene-rope.png"
"Ropes","White Polyester Rope","RP-WPE","Main product/family photo","YES - one PNG","white-polyester-rope.png"
"Ropes","Yellow Polypropylene Rope","RP-YPP","Main product/family photo","YES - one PNG","yellow-polypropylene-rope.png"
"Shade Nets","Fence net","NET-FENCE","Main product/family photo","YES - one PNG","fence-net.png"
"Shade Nets","Shadenet","NET-SHADE","Main product/family photo","YES - one PNG","shade-net.png"
"Tapes","Acrylic foam tape","FOAM-TAPE","Main product/family photo","YES - one PNG","acrylic-foam-tape.png"
"Tapes","Aluminium Foil Tape","FOIL-TAPE","Main product/family photo","YES - one PNG","aluminium-foil-tape.png"
"Tapes","Anti Skid Tape","ANTISKID-TAPE","Main product/family photo","YES - one PNG","anti-skid-tape.png"
"Tapes","Bob Tape","BOB-TAPE","Main product/family photo","YES - one PNG","bob-tape.png"
"Tapes","Butyl Tape","BUTYL-TAPE","Main product/family photo","YES - one PNG","butyl-tape.png"
"Tapes","Double side Foam tape","FOAM-TAPE","Main product/family photo","YES - one PNG","double-side-foam-tape.png"
"Tapes","Double side Polyester tape","POLY-TAPE","Main product/family photo","YES - one PNG","double-side-polyester-tape.png"
"Tapes","Duct Tape","DUCT-TAPE","Main product/family photo","YES - one PNG","duct-tape.png"
"Tapes","Fiber Mesh Tape","MESH-TAPE","Main product/family photo","YES - one PNG","fiber-mesh-tape.png"
"Tapes","Floor Marking Tape","MARKING-TAPE","Main product/family photo","YES - one PNG","floor-marking-tape.png"
"Tapes","Floor Protection Tape","PROTECTION-TAPE","Main product/family photo","YES - one PNG","floor-protection-tape.png"
"Tapes","Insulation Tape","INS-TAPE","Main product/family photo","YES - one PNG","insulation-tape.png"
"Tapes","Masking Tape","MASK-TAPE","Main product/family photo","YES - one PNG","masking-tape.png"
"Tapes","Reflective Tape","REF-TAPE","Main product/family photo","YES - one PNG","reflective-tape.png"
"Tapes","Single Side Foam Tape","1SIDE-FOAM-TAPE","Main product/family photo","YES - one PNG","single-side-foam-tape.png"
"Tapes","Teflon Tape","TEF-TAPE","Main product/family photo","YES - one PNG","teflon-tape.png"
"Tapes","Velcro tape","VELCRO-TAPE","Main product/family photo","YES - one PNG","velcro-tape.png"
"Tarpaulins","Tarpaulin HDPE","TARP-HDPE","Main product/family photo","YES - one PNG","hdpe-tarpaulin.png"
"Tarpaulins","Tarpaulin PVC Nylon","TARP-NYLON","Main product/family photo","YES - one PNG","pvc-nylon-tarpaulin.png"