"Category","Product","Product URL","Website image","Status","Resolution","Width","Height","Format","Products sharing exact image","Action","Audit note"
"Agri Tools","Generic Hoe 9 x 12 Inch","https://www.nooragencies.in/products/generic-hoe-9x12-inch","https://lbbmvabcirbkzagrdmwj.supabase.co/storage/v1/object/public/products/generated-na-stock/generic-hoe-9x12-inch.png","OK","PRINT-READY","1254","1254","PNG","1","USE WEBSITE IMAGE",""
"Agri Tools","Tata Agrico AG Series Powrah","https://www.nooragencies.in/products/tata-agrico-powrah-ag","/products/agri-tools/hoe-powrah-studio.png","OK","PRINT-READY","1254","1254","PNG","10","REVIEW SHARED IMAGE",""
"Agri Tools","Tata Agrico Axe","https://www.nooragencies.in/products/tata-agrico-axe","/products/agri-tools/axe-studio.png","OK","PRINT-READY","1254","1254","PNG","1","USE WEBSITE IMAGE",""
"Agri Tools","Tata Agrico Chaff & Thresher Cutter","https://www.nooragencies.in/products/tata-agrico-chaff-cutter","/products/agri-tools/chaff-cutter-studio.png","OK","PRINT-READY","1254","1254","PNG","1","USE WEBSITE IMAGE",""
"Agri Tools","Tata Agrico Chisel","https://www.nooragencies.in/products/tata-agrico-chisel","/products/agri-tools/chisel-studio.png","OK","PRINT-READY","1254","1254","PNG","1","USE WEBSITE IMAGE",""
"Agri Tools","Tata Agrico Chisel Point Pickaxe & Kudali","https://www.nooragencies.in/products/tata-agrico-pickaxe-chisel-point","/products/agri-tools/pickaxe-kudali-studio.png","OK","PRINT-READY","1254","1254","PNG","4","REVIEW SHARED IMAGE",""
"Agri Tools","Tata Agrico Crowbar","https://www.nooragencies.in/products/tata-agrico-crowbar","/products/agri-tools/crowbar-studio.png","OK","PRINT-READY","1254","1254","PNG","1","USE WEBSITE IMAGE",""
"Agri Tools","Tata Agrico Cultivator & Tiller Shoe","https://www.nooragencies.in/products/tata-agrico-cultivator-tiller-shoe","/products/agri-tools/cultivator-tiller-studio.png","OK","PRINT-READY","1254","1254","PNG","1","USE WEBSITE IMAGE",""
"Agri Tools","Tata Agrico Double Face Sledge Hammer","https://www.nooragencies.in/products/tata-agrico-hammer-double-face-sledge","/products/agri-tools/hammer-studio.png","OK","PRINT-READY","1254","1254","PNG","4","REVIEW SHARED IMAGE",""
"Agri Tools","Tata Agrico Double Point Kudali","https://www.nooragencies.in/products/tata-agrico-pickaxe-double-point","/products/agri-tools/pickaxe-kudali-studio.png","OK","PRINT-READY","1254","1254","PNG","4","REVIEW SHARED IMAGE",""
"Agri Tools","Tata Agrico Integrated Powrah","https://www.nooragencies.in/products/tata-agrico-powrah-integrated","/products/agri-tools/hoe-powrah-studio.png","OK","PRINT-READY","1254","1254","PNG","10","REVIEW SHARED IMAGE",""
"Agri Tools","Tata Agrico Integrated Shovel","https://www.nooragencies.in/products/tata-agrico-shovel-integrated","/products/agri-tools/shovel-studio.png","OK","PRINT-READY","1254","1254","PNG","5","REVIEW SHARED IMAGE",""
"Agri Tools","Tata Agrico Lightweight Shovel","https://www.nooragencies.in/products/tata-agrico-shovel-lightweight","/products/agri-tools/shovel-studio.png","OK","PRINT-READY","1254","1254","PNG","5","REVIEW SHARED IMAGE",""
"Agri Tools","Tata Agrico Mysore Mammoty","https://www.nooragencies.in/products/tata-agrico-powrah-mysore","/products/agri-tools/hoe-powrah-studio.png","OK","PRINT-READY","1254","1254","PNG","10","REVIEW SHARED IMAGE",""
"Agri Tools","Tata Agrico Pick Mattock","https://www.nooragencies.in/products/tata-agrico-pick-mattock","/products/agri-tools/pickaxe-kudali-studio.png","OK","PRINT-READY","1254","1254","PNG","4","REVIEW SHARED IMAGE",""
"Agri Tools","Tata Agrico Pickaxe & Kudali Handle","https://www.nooragencies.in/products/tata-agrico-pickaxe-handle","/products/agri-tools/pickaxe-kudali-studio.png","OK","PRINT-READY","1254","1254","PNG","4","REVIEW SHARED IMAGE",""
"Agri Tools","Tata Agrico Potato Hoe","https://www.nooragencies.in/products/tata-agrico-powrah-potato","/products/agri-tools/hoe-powrah-studio.png","OK","PRINT-READY","1254","1254","PNG","10","REVIEW SHARED IMAGE",""
"Agri Tools","Tata Agrico Powrah Fork","https://www.nooragencies.in/products/tata-agrico-powrah-fork","/products/agri-tools/hoe-powrah-studio.png","OK","PRINT-READY","1254","1254","PNG","10","REVIEW SHARED IMAGE",""
"Agri Tools","Tata Agrico Powrah Handle","https://www.nooragencies.in/products/tata-agrico-powrah-handle","/products/agri-tools/hoe-powrah-studio.png","OK","PRINT-READY","1254","1254","PNG","10","REVIEW SHARED IMAGE",""
"Agri Tools","Tata Agrico Rajasthan Hammer","https://www.nooragencies.in/products/tata-agrico-hammer-rajasthan","/products/agri-tools/hammer-studio.png","OK","PRINT-READY","1254","1254","PNG","4","REVIEW SHARED IMAGE",""
"Agri Tools","Tata Agrico Regional Powrah & Hoe","https://www.nooragencies.in/products/tata-agrico-powrah-regional","/products/agri-tools/hoe-powrah-studio.png","OK","PRINT-READY","1254","1254","PNG","10","REVIEW SHARED IMAGE",""
"Agri Tools","Tata Agrico Rotavator Blade","https://www.nooragencies.in/products/tata-agrico-rotavator-blade","/products/agri-tools/rotavator-blade-studio.png","OK","PRINT-READY","1254","1254","PNG","1","USE WEBSITE IMAGE",""
"Agri Tools","Tata Agrico Round Nose Shovel","https://www.nooragencies.in/products/tata-agrico-shovel-round-nose","/products/agri-tools/shovel-studio.png","OK","PRINT-READY","1254","1254","PNG","5","REVIEW SHARED IMAGE",""
"Agri Tools","Tata Agrico Shovel Handle & Head","https://www.nooragencies.in/products/tata-agrico-shovel-handle","/products/agri-tools/shovel-studio.png","OK","PRINT-READY","1254","1254","PNG","5","REVIEW SHARED IMAGE",""
"Agri Tools","Tata Agrico Sickle","https://www.nooragencies.in/products/tata-agrico-sickle","/products/agri-tools/sickle-studio.png","OK","PRINT-READY","1254","1254","PNG","1","USE WEBSITE IMAGE",""
"Agri Tools","Tata Agrico Square Nose Shovel","https://www.nooragencies.in/products/tata-agrico-shovel-square-nose","/products/agri-tools/shovel-studio.png","OK","PRINT-READY","1254","1254","PNG","5","REVIEW SHARED IMAGE",""
"Agri Tools","Tata Agrico Straight Pein Hammer - Oval Hole","https://www.nooragencies.in/products/tata-agrico-hammer-straight-pein-oval","/products/agri-tools/hammer-studio.png","OK","PRINT-READY","1254","1254","PNG","4","REVIEW SHARED IMAGE",""
"Agri Tools","Tata Agrico Straight Pein Hammer - Round Hole","https://www.nooragencies.in/products/tata-agrico-hammer-straight-pein-round","/products/agri-tools/hammer-studio.png","OK","PRINT-READY","1254","1254","PNG","4","REVIEW SHARED IMAGE",""
"Agri Tools","Tata Agrico Swan Neck Mammoty","https://www.nooragencies.in/products/tata-agrico-powrah-swan-neck","/products/agri-tools/hoe-powrah-studio.png","OK","PRINT-READY","1254","1254","PNG","10","REVIEW SHARED IMAGE",""
"Agri Tools","Tata Agrico Tanged Mammoty","https://www.nooragencies.in/products/tata-agrico-powrah-tanged","/products/agri-tools/hoe-powrah-studio.png","OK","PRINT-READY","1254","1254","PNG","10","REVIEW SHARED IMAGE",""
"Agri Tools","Tata Agrico TP Series Riveted Powrah","https://www.nooragencies.in/products/tata-agrico-powrah-tp","/products/agri-tools/hoe-powrah-studio.png","OK","PRINT-READY","1254","1254","PNG","10","REVIEW SHARED IMAGE",""
"Agri Tools","Tata Crowbar","https://www.nooragencies.in/products/tata-crowbar","https://lbbmvabcirbkzagrdmwj.supabase.co/storage/v1/object/public/products/generated-na-stock/tata-crowbar.png","OK","PRINT-READY","1254","1254","PNG","1","USE WEBSITE IMAGE",""
"Agri Tools","Tata Shovel SVL022","https://www.nooragencies.in/products/tata-shovel-svl022","https://lbbmvabcirbkzagrdmwj.supabase.co/storage/v1/object/public/products/generated-na-stock/tata-shovel-svl022.png","OK","PRINT-READY","1254","1254","PNG","1","USE WEBSITE IMAGE",""
"Agri Tools","Wooden Hoe Handle","https://www.nooragencies.in/products/wooden-hoe-handle","https://lbbmvabcirbkzagrdmwj.supabase.co/storage/v1/object/public/products/generated-na-stock/wooden-hoe-handle.png","OK","PRINT-READY","1254","1254","PNG","1","USE WEBSITE IMAGE",""
"Emery Abrasives","Emery paper Anchor","https://www.nooragencies.in/products/emery-paper-anchor","https://lbbmvabcirbkzagrdmwj.supabase.co/storage/v1/object/public/products/emery%20paper.jpg","OK","BORDERLINE","522","522","JPEG","3","REVIEW / REPLACE IF AVAILABLE",""
"Emery Abrasives","Emery paper Apollo","https://www.nooragencies.in/products/emery-paper-apollo","https://lbbmvabcirbkzagrdmwj.supabase.co/storage/v1/object/public/products/emery%20paper.jpg","OK","BORDERLINE","522","522","JPEG","3","REVIEW / REPLACE IF AVAILABLE",""
"Emery Abrasives","Emery paper Galaxy","https://www.nooragencies.in/products/emery-paper-galaxy","https://lbbmvabcirbkzagrdmwj.supabase.co/storage/v1/object/public/products/emery%20paper.jpg","OK","BORDERLINE","522","522","JPEG","3","REVIEW / REPLACE IF AVAILABLE",""
"Emery Abrasives","Emery Roll","https://www.nooragencies.in/products/emery-roll","https://lbbmvabcirbkzagrdmwj.supabase.co/storage/v1/object/public/products/1781347640290-emery%20roll.jpg","OK","BORDERLINE","550","550","JPEG","1","REVIEW / REPLACE IF AVAILABLE",""
"Floor Mats","Noodle Mat","https://www.nooragencies.in/products/noodle-mat","https://lbbmvabcirbkzagrdmwj.supabase.co/storage/v1/object/public/products/generated-na-stock/noodle-mat.png","OK","PRINT-READY","1254","1254","PNG","1","USE WEBSITE IMAGE",""
"Hand tools","Abrasive Wheels & Discs","https://www.nooragencies.in/products/abrasive-wheel-disc","/products/hand-tools/animated/abrasive-wheels-and-discs.png","OK","PRINT-READY","1254","1254","PNG","1","USE WEBSITE IMAGE",""
"Hand tools","Adjustable Angle Shear","https://www.nooragencies.in/products/adjustable-angle-shear","/products/hand-tools/animated/adjustable-angle-shear.png","OK","PRINT-READY","1254","1254","PNG","1","USE WEBSITE IMAGE",""
"Hand tools","Adjustable Wrench","https://www.nooragencies.in/products/adjustable-wrench","/products/hand-tools/animated/adjustable-wrench.png","OK","PRINT-READY","1254","1254","PNG","1","USE WEBSITE IMAGE",""
"Hand tools","Air Blow Gun","https://www.nooragencies.in/products/maf-pro-air-blow-gun","/products/hand-tools/animated/air-blow-gun.png","OK","PRINT-READY","1254","1254","PNG","1","USE WEBSITE IMAGE",""
"Hand tools","Air Chuck","https://www.nooragencies.in/products/elephant-air-chuck","/products/hand-tools/animated/air-chuck.png","OK","PRINT-READY","1254","1254","PNG","1","USE WEBSITE IMAGE",""
"Hand tools","Allen Key Set","https://www.nooragencies.in/products/allen-key-set","/products/hand-tools/animated/allen-key-set.png","OK","PRINT-READY","1254","1254","PNG","1","USE WEBSITE IMAGE",""
"Hand tools","Allen Keys","https://www.nooragencies.in/products/king-tony-allen-keys","/products/hand-tools/animated/allen-keys.png","OK","PRINT-READY","1254","1254","PNG","1","USE WEBSITE IMAGE",""
"Hand tools","Aluminium Sausage Caulking Gun","https://www.nooragencies.in/products/aluminium-sausage-caulking-gun","https://lbbmvabcirbkzagrdmwj.supabase.co/storage/v1/object/public/products/generated-na-stock/aluminium-sausage-caulking-gun.png","OK","PRINT-READY","1254","1254","PNG","1","USE WEBSITE IMAGE",""
"Hand tools","Angular Shear","https://www.nooragencies.in/products/angular-shear","https://lbbmvabcirbkzagrdmwj.supabase.co/storage/v1/object/public/products/generated-na-stock/angular-shear.png","OK","PRINT-READY","1254","1254","PNG","1","USE WEBSITE IMAGE",""
"Hand tools","Aviation Snips","https://www.nooragencies.in/products/ultrafast-aviation-snips","/products/hand-tools/animated/aviation-snips.png","OK","PRINT-READY","1254","1254","PNG","1","USE WEBSITE IMAGE",""
"Hand tools","Ball Pein & Claw Hammer","https://www.nooragencies.in/products/ball-pein-claw-hammer","/products/hand-tools/animated/ball-pein-and-claw-hammer.png","OK","PRINT-READY","1254","1254","PNG","1","USE WEBSITE IMAGE",""
"Hand tools","Barrel Pump","https://www.nooragencies.in/products/pro-cut-tools-barrel-pump","/products/hand-tools/animated/barrel-pump.png","OK","PRINT-READY","1254","1254","PNG","1","USE WEBSITE IMAGE",""
"Hand tools","Bearing Puller","https://www.nooragencies.in/products/bearing-puller","/products/hand-tools/animated/bearing-puller.png","OK","PRINT-READY","1254","1254","PNG","1","USE WEBSITE IMAGE",""
"Hand tools","Bench & Pipe Vice","https://www.nooragencies.in/products/bench-pipe-vice","/products/hand-tools/animated/bench-and-pipe-vice.png","OK","PRINT-READY","1254","1254","PNG","1","USE WEBSITE IMAGE",""
"Hand tools","Bill Hook (Aruval)","https://www.nooragencies.in/products/bill-hook","/products/hand-tools/animated/bill-hook-aruval.png","OK","PRINT-READY","1254","1254","PNG","1","USE WEBSITE IMAGE",""
"Hand tools","Block Plane","https://www.nooragencies.in/products/block-plane","/products/hand-tools/animated/block-plane.png","OK","PRINT-READY","1254","1254","PNG","1","USE WEBSITE IMAGE",""
"Hand tools","Bolt Cutters","https://www.nooragencies.in/products/ultrafast-bolt-cutters","/products/hand-tools/animated/bolt-cutter.png","OK","PRINT-READY","1254","1254","PNG","1","USE WEBSITE IMAGE",""
"Hand tools","Box Spanner","https://www.nooragencies.in/products/box-spanner","/products/hand-tools/animated/box-spanner.png","OK","PRINT-READY","1254","1254","PNG","1","USE WEBSITE IMAGE",""
"Hand tools","Butane Burner","https://www.nooragencies.in/products/chinese-generic-butane-burner","/products/hand-tools/animated/butane-burner.png","OK","PRINT-READY","1254","1254","PNG","1","USE WEBSITE IMAGE",""
"Hand tools","Butane Flame Torch","https://www.nooragencies.in/products/butane-flame-torch","https://lbbmvabcirbkzagrdmwj.supabase.co/storage/v1/object/public/products/generated-na-stock/butane-flame-torch.png","OK","PRINT-READY","1254","1254","PNG","1","USE WEBSITE IMAGE",""
"Hand tools","Butane Gas Torch","https://www.nooragencies.in/products/chinese-generic-butane-gas-torch","/products/hand-tools/animated/butane-gas-torch.png","OK","PRINT-READY","1254","1254","PNG","1","USE WEBSITE IMAGE",""
"Hand tools","Cable & Bolt Cutter","https://www.nooragencies.in/products/cable-bolt-cutter","/products/hand-tools/animated/cable-and-bolt-cutter.png","OK","PRINT-READY","1254","1254","PNG","1","USE WEBSITE IMAGE",""
"Hand tools","Cable Cutters","https://www.nooragencies.in/products/pro-cut-tools-cable-cutters","/products/hand-tools/animated/cable-cutters.png","OK","PRINT-READY","1254","1254","PNG","1","USE WEBSITE IMAGE",""
"Hand tools","Calipers & Spring Dividers","https://www.nooragencies.in/products/calipers-spring-dividers","/products/hand-tools/animated/calipers-and-spring-dividers.png","OK","PRINT-READY","1254","1254","PNG","1","USE WEBSITE IMAGE",""
"Hand tools","Carpenter Tools","https://www.nooragencies.in/products/carpenter-tools","/products/hand-tools/animated/carpenter-tools.png","OK","PRINT-READY","1254","1254","PNG","1","USE WEBSITE IMAGE",""
"Hand tools","Carpenter Try Square","https://www.nooragencies.in/products/naveen-carpenter-try-square","/products/hand-tools/animated/carpenter-try-square.png","OK","PRINT-READY","1254","1254","PNG","1","USE WEBSITE IMAGE",""
"Hand tools","Caulking Guns","https://www.nooragencies.in/products/hanbon-tools-caulking-guns","/products/hand-tools/animated/caulking-gun.png","OK","PRINT-READY","1254","1254","PNG","1","USE WEBSITE IMAGE",""
"Hand tools","Centre & Drift Punch","https://www.nooragencies.in/products/centre-drift-punch","/products/hand-tools/animated/centre-and-drift-punch.png","OK","PRINT-READY","1254","1254","PNG","1","USE WEBSITE IMAGE",""
"Hand tools","Centring Hammers","https://www.nooragencies.in/products/masonary-centring-hammers","/products/hand-tools/animated/centring-hammers.png","OK","PRINT-READY","1254","1254","PNG","1","USE WEBSITE IMAGE",""
"Hand tools","Centring Hammers With Handle","https://www.nooragencies.in/products/masonary-centring-hammers-with-handle","/products/hand-tools/animated/centring-hammers-with-handle.png","OK","PRINT-READY","1254","1254","PNG","1","USE WEBSITE IMAGE",""
"Hand tools","Chains","https://www.nooragencies.in/products/amb-chains","/products/hand-tools/animated/chains.png","OK","PRINT-READY","1254","1254","PNG","1","USE WEBSITE IMAGE",""
"Hand tools","Chakra Crimping Tool HSC8 6-4","https://www.nooragencies.in/products/chakra-crimping-tool-hsc8-6-4","https://lbbmvabcirbkzagrdmwj.supabase.co/storage/v1/object/public/products/generated-na-stock/chakra-crimping-tool-hsc8-6-4.png","OK","PRINT-READY","1254","1254","PNG","1","USE WEBSITE IMAGE",""
"Hand tools","Chisel & Punch","https://www.nooragencies.in/products/chisel-punch","/products/hand-tools/animated/chisel-and-punch.png","OK","PRINT-READY","1254","1254","PNG","1","USE WEBSITE IMAGE",""
"Hand tools","Chisels","https://www.nooragencies.in/products/revex-chisels-chisels","/products/hand-tools/animated/chisels.png","MISSING/ERROR","UNUSABLE","","","","","PHOTO NEEDED","Local website image is missing"
"Hand tools","Circlip Pliers","https://www.nooragencies.in/products/circlip-pliers","/products/hand-tools/animated/circlip-pliers.png","OK","PRINT-READY","1254","1254","PNG","1","USE WEBSITE IMAGE",""
"Hand tools","Claw Hammer","https://www.nooragencies.in/products/sony-claw-hammer","/products/hand-tools/animated/claw-hammer.png","OK","PRINT-READY","1254","1254","PNG","1","USE WEBSITE IMAGE",""
"Hand tools","Combination Plier","https://www.nooragencies.in/products/kendo-combination-plier","/products/hand-tools/animated/combination-plier.png","OK","PRINT-READY","1254","1254","PNG","1","USE WEBSITE IMAGE",""
"Hand tools","Combination Spanner","https://www.nooragencies.in/products/combination-spanner","/products/hand-tools/animated/combination-spanner.png","OK","PRINT-READY","1254","1254","PNG","1","USE WEBSITE IMAGE",""
"Hand tools","Combination Square Set","https://www.nooragencies.in/products/chinese-generic-combination-square-set","/products/hand-tools/animated/combination-square-set.png","OK","PRINT-READY","1254","1254","PNG","1","USE WEBSITE IMAGE",""
"Hand tools","Crowbars/ Wrecking Bars","https://www.nooragencies.in/products/masonary-crowbars-wrecking-bars","/products/hand-tools/animated/crowbars-wrecking-bars.png","OK","PRINT-READY","1254","1254","PNG","1","USE WEBSITE IMAGE",""
"Hand tools","Cutter Knife","https://www.nooragencies.in/products/amb-cutter-knife","/products/hand-tools/animated/cutter-knife.png","OK","PRINT-READY","1254","1254","PNG","1","USE WEBSITE IMAGE",""
"Hand tools","Cutting & Drill Accessories","https://www.nooragencies.in/products/cutting-drill-accessories","/products/hand-tools/animated/cutting-and-drill-accessories.png","OK","PRINT-READY","1254","1254","PNG","1","USE WEBSITE IMAGE",""
"Hand tools","Diesel Spray Guns","https://www.nooragencies.in/products/xlnt-diesel-spray-guns","/products/hand-tools/animated/diesel-spray-guns.png","OK","PRINT-READY","1254","1254","PNG","1","USE WEBSITE IMAGE",""
"Hand tools","Digital Vernier Caliper","https://www.nooragencies.in/products/vernier-calipers-digital-vernier-caliper","/products/hand-tools/animated/digital-vernier-caliper.png","OK","PRINT-READY","1254","1254","PNG","1","USE WEBSITE IMAGE",""
"Hand tools","Double Ended Open Jaw Spanner","https://www.nooragencies.in/products/double-ended-open-jaw-spanner","/products/hand-tools/animated/double-ended-open-jaw-spanner.png","OK","PRINT-READY","1254","1254","PNG","1","USE WEBSITE IMAGE",""
"Hand tools","Drain Clog Stick","https://www.nooragencies.in/products/drain-clog-stick","https://lbbmvabcirbkzagrdmwj.supabase.co/storage/v1/object/public/products/generated-na-stock/drain-clog-stick.png","OK","PRINT-READY","1254","1254","PNG","1","USE WEBSITE IMAGE",""
"Hand tools","Engineering Tri Square","https://www.nooragencies.in/products/s-k-i-engineering-tri-square","/products/hand-tools/animated/engineering-tri-square.png","OK","PRINT-READY","1254","1254","PNG","1","USE WEBSITE IMAGE",""
"Hand tools","Feeler Gauge","https://www.nooragencies.in/products/pro-cut-tools-feeler-gauge","/products/hand-tools/animated/feeler-gauge.png","OK","PRINT-READY","1254","1254","PNG","1","USE WEBSITE IMAGE",""
"Hand tools","Filter Wrench","https://www.nooragencies.in/products/hanbon-tools-filter-wrench","/products/hand-tools/animated/filter-wrench.png","OK","PRINT-READY","1254","1254","PNG","1","USE WEBSITE IMAGE",""
"Hand tools","Flame Gun (Blazing Torch)","https://www.nooragencies.in/products/pro-cut-tools-flame-gun-blazing-torch","/products/hand-tools/animated/flame-gun-blazing-torch.png","OK","PRINT-READY","1254","1254","PNG","1","USE WEBSITE IMAGE",""
"Hand tools","Flexible Shafts For Drill Machines","https://www.nooragencies.in/products/chinese-generic-flexible-shafts-for-drill-machines","/products/hand-tools/animated/flexible-shafts-for-drill-machines.png","OK","PRINT-READY","1254","1254","PNG","1","USE WEBSITE IMAGE",""
"Hand tools","Foot Pump","https://www.nooragencies.in/products/elephant-foot-pump","/products/hand-tools/animated/foot-pump.png","OK","PRINT-READY","1254","1254","PNG","1","USE WEBSITE IMAGE",""
"Hand tools","G, C & F Clamp","https://www.nooragencies.in/products/g-f-c-clamp","/products/hand-tools/animated/g-c-and-f-clamp.png","OK","PRINT-READY","1254","1254","PNG","1","USE WEBSITE IMAGE",""
"Hand tools","Garden Gun Set","https://www.nooragencies.in/products/water-guns-and-fittings-garden-gun-set","/products/hand-tools/animated/garden-gun-set.png","OK","PRINT-READY","1254","1254","PNG","1","USE WEBSITE IMAGE",""
"Hand tools","Garden Hoe & Fork","https://www.nooragencies.in/products/garden-hoe-fork","/products/hand-tools/animated/garden-hoe-and-fork.png","OK","PRINT-READY","1254","1254","PNG","1","USE WEBSITE IMAGE",""
"Hand tools","Garden Loopers","https://www.nooragencies.in/products/garden-tools-garden-loopers","/products/hand-tools/animated/garden-loopers.png","OK","PRINT-READY","1254","1254","PNG","1","USE WEBSITE IMAGE",""
"Hand tools","Garden Lopper","https://www.nooragencies.in/products/garden-lopper","/products/hand-tools/animated/garden-lopper.png","OK","PRINT-READY","1254","1254","PNG","1","USE WEBSITE IMAGE",""
"Hand tools","Garden Rake","https://www.nooragencies.in/products/garden-rake","/products/hand-tools/animated/garden-rake.png","OK","PRINT-READY","1254","1254","PNG","1","USE WEBSITE IMAGE",""
"Hand tools","Garden Scissors","https://www.nooragencies.in/products/garden-scissors","/products/hand-tools/animated/garden-scissors.png","OK","PRINT-READY","1254","1254","PNG","1","USE WEBSITE IMAGE",""
"Hand tools","Garden Sprayer","https://www.nooragencies.in/products/garden-sprayer","/products/hand-tools/animated/garden-sprayer.png","OK","PRINT-READY","1254","1254","PNG","1","USE WEBSITE IMAGE",""
"Hand tools","Garden Tool Set","https://www.nooragencies.in/products/garden-tool-set","/products/hand-tools/animated/garden-tool-set.png","OK","PRINT-READY","1254","1254","PNG","1","USE WEBSITE IMAGE",""
"Hand tools","Glue Gun","https://www.nooragencies.in/products/mega-glue-gun","/products/hand-tools/animated/glue-gun.png","OK","PRINT-READY","1254","1254","PNG","1","USE WEBSITE IMAGE",""
"Hand tools","Grease Gun & Oil Can","https://www.nooragencies.in/products/grease-gun-oil-can","/products/hand-tools/animated/grease-gun-and-oil-can.png","OK","PRINT-READY","1254","1254","PNG","1","USE WEBSITE IMAGE",""
"Hand tools","Grease Guns","https://www.nooragencies.in/products/hanbon-tools-grease-guns","/products/hand-tools/animated/grease-gun.png","OK","PRINT-READY","1254","1254","PNG","1","USE WEBSITE IMAGE",""
"Hand tools","Hacksaw Frame & Blade","https://www.nooragencies.in/products/hacksaw-frame","/products/hand-tools/animated/hacksaw-frame-and-blade.png","OK","PRINT-READY","1254","1254","PNG","1","USE WEBSITE IMAGE",""
"Hand tools","Half Moon Spanner","https://www.nooragencies.in/products/half-moon-spanner","/products/hand-tools/animated/half-moon-spanner.png","OK","PRINT-READY","1254","1254","PNG","1","USE WEBSITE IMAGE",""
"Hand tools","Hammer Handle","https://www.nooragencies.in/products/masonary-hammer-handle","/products/hand-tools/animated/hammer-handle.png","OK","PRINT-READY","1254","1254","PNG","1","USE WEBSITE IMAGE",""
"Hand tools","Hanbon Multifunctional Circlip Plier","https://www.nooragencies.in/products/hanbon-multifunctional-circlip-plier","https://lbbmvabcirbkzagrdmwj.supabase.co/storage/v1/object/public/products/generated-na-stock/hanbon-multifunctional-circlip-plier.png","OK","PRINT-READY","1254","1254","PNG","1","USE WEBSITE IMAGE",""
"Hand tools","Hand Magnets","https://www.nooragencies.in/products/hand-magnets-hand-magnets","/products/hand-tools/animated/hand-magnets.png","OK","PRINT-READY","1254","1254","PNG","1","USE WEBSITE IMAGE",""
"Hand tools","Hand Riveter & Rivet Nut Tool","https://www.nooragencies.in/products/hand-riveter","/products/hand-tools/animated/hand-riveter-and-rivet-nut-tool.png","OK","PRINT-READY","1254","1254","PNG","1","USE WEBSITE IMAGE",""
"Hand tools","Hand Saw Tct","https://www.nooragencies.in/products/amb-hand-saw-tct","/products/hand-tools/animated/hand-saw-tct.png","OK","PRINT-READY","1254","1254","PNG","1","USE WEBSITE IMAGE",""
"Hand tools","Hand Saws","https://www.nooragencies.in/products/pro-cut-tools-hand-saws","/products/hand-tools/animated/hand-saws.png","OK","PRINT-READY","1254","1254","PNG","1","USE WEBSITE IMAGE",""
"Hand tools","Hedge Shear","https://www.nooragencies.in/products/hedge-shear","/products/hand-tools/animated/hedge-shear.png","OK","PRINT-READY","1254","1254","PNG","1","USE WEBSITE IMAGE",""
"Hand tools","Hole Saw","https://www.nooragencies.in/products/hole-saw","/products/hand-tools/animated/hole-saw.png","OK","PRINT-READY","1254","1254","PNG","1","USE WEBSITE IMAGE",""
"Hand tools","Hydraulic Bottle Jack","https://www.nooragencies.in/products/gallop-hydraulic-bottle-jack","/products/hand-tools/animated/hydraulic-bottle-jack.png","OK","PRINT-READY","1254","1254","PNG","1","USE WEBSITE IMAGE",""
"Hand tools","Hydraulic Crimping Tool","https://www.nooragencies.in/products/amb-hydraulic-crimping-tool","/products/hand-tools/animated/hydraulic-crimping-tool.png","OK","PRINT-READY","1254","1254","PNG","1","USE WEBSITE IMAGE",""
"Hand tools","Hydraulic Jack & Jack Stand","https://www.nooragencies.in/products/hydraulic-jack","/products/hand-tools/animated/hydraulic-jack-and-jack-stand.png","OK","PRINT-READY","1254","1254","PNG","1","USE WEBSITE IMAGE",""
"Hand tools","Impact Socket","https://www.nooragencies.in/products/impact-socket","/products/hand-tools/animated/impact-socket.png","OK","PRINT-READY","1254","1254","PNG","1","USE WEBSITE IMAGE",""
"Hand tools","Impact Socket Set 10 Piece","https://www.nooragencies.in/products/impact-socket-set-10-piece","https://lbbmvabcirbkzagrdmwj.supabase.co/storage/v1/object/public/products/generated-na-stock/impact-socket-set-10-piece.png","OK","PRINT-READY","1254","1254","PNG","1","USE WEBSITE IMAGE",""
"Hand tools","Impact Sockets","https://www.nooragencies.in/products/king-tony-impact-sockets","/products/hand-tools/animated/impact-sockets.png","OK","PRINT-READY","1254","1254","PNG","1","USE WEBSITE IMAGE",""
"Hand tools","Karandi","https://www.nooragencies.in/products/masonary-karandi","/products/hand-tools/animated/karandi.png","OK","PRINT-READY","1254","1254","PNG","1","USE WEBSITE IMAGE",""
"Hand tools","Kay Kay Screwdrivers","https://www.nooragencies.in/products/kay-kay-screw-drivers-kay-kay-screwdrivers","/products/hand-tools/animated/kay-kay-screwdrivers.png","OK","PRINT-READY","1254","1254","PNG","1","USE WEBSITE IMAGE",""
"Hand tools","Kendo 2-Way Mallet Hammer 40 mm","https://www.nooragencies.in/products/kendo-2-way-mallet-hammer-40mm","https://lbbmvabcirbkzagrdmwj.supabase.co/storage/v1/object/public/products/generated-na-stock/kendo-2-way-mallet-hammer-40mm.png","OK","PRINT-READY","1254","1254","PNG","1","USE WEBSITE IMAGE",""
"Hand tools","Kendo Combination Plier 8 Inch","https://www.nooragencies.in/products/kendo-combination-plier-8-inch","https://lbbmvabcirbkzagrdmwj.supabase.co/storage/v1/object/public/products/generated-na-stock/kendo-combination-plier-8-inch.png","OK","PRINT-READY","1254","1254","PNG","1","USE WEBSITE IMAGE",""
"Hand tools","Kendo G Clamp","https://www.nooragencies.in/products/kendo-g-clamp","https://lbbmvabcirbkzagrdmwj.supabase.co/storage/v1/object/public/products/generated-na-stock/kendo-g-clamp.png","OK","PRINT-READY","1254","1254","PNG","1","USE WEBSITE IMAGE",""
"Hand tools","Kendo Long Nose Plier 8 Inch","https://www.nooragencies.in/products/kendo-long-nose-plier-8-inch","https://lbbmvabcirbkzagrdmwj.supabase.co/storage/v1/object/public/products/generated-na-stock/kendo-long-nose-plier-8-inch.png","OK","PRINT-READY","1254","1254","PNG","1","USE WEBSITE IMAGE",""
"Hand tools","Kendo Spring Clamp","https://www.nooragencies.in/products/kendo-spring-clamp","https://lbbmvabcirbkzagrdmwj.supabase.co/storage/v1/object/public/products/generated-na-stock/kendo-spring-clamp.png","OK","PRINT-READY","1254","1254","PNG","1","USE WEBSITE IMAGE",""
"Hand tools","Kendo T Spanner 12 mm","https://www.nooragencies.in/products/kendo-t-spanner-12mm","https://lbbmvabcirbkzagrdmwj.supabase.co/storage/v1/object/public/products/generated-na-stock/kendo-t-spanner-12mm.png","OK","PRINT-READY","1254","1254","PNG","1","USE WEBSITE IMAGE",""
"Hand tools","Kendo Tool Box 19 Inch","https://www.nooragencies.in/products/kendo-tool-box-19-inch","https://lbbmvabcirbkzagrdmwj.supabase.co/storage/v1/object/public/products/generated-na-stock/kendo-tool-box-19-inch.png","OK","PRINT-READY","1254","1254","PNG","1","USE WEBSITE IMAGE",""
"Hand tools","Kendo White Rubber Hammer","https://www.nooragencies.in/products/kendo-white-rubber-hammer","https://lbbmvabcirbkzagrdmwj.supabase.co/storage/v1/object/public/products/generated-na-stock/kendo-white-rubber-hammer.png","OK","PRINT-READY","1254","1254","PNG","1","USE WEBSITE IMAGE",""
"Hand tools","Kitchen Scissors","https://www.nooragencies.in/products/scissors-kitchen-scissors","/products/hand-tools/animated/kitchen-scissors.png","OK","PRINT-READY","1254","1254","PNG","1","USE WEBSITE IMAGE",""
"Hand tools","L Spanner","https://www.nooragencies.in/products/l-spanner","/products/hand-tools/animated/l-spanner.png","OK","PRINT-READY","1254","1254","PNG","1","USE WEBSITE IMAGE",""
"Hand tools","Labour Saving Wrench","https://www.nooragencies.in/products/amb-labour-saving-wrench","/products/hand-tools/animated/labour-saving-wrench.png","OK","PRINT-READY","1254","1254","PNG","1","USE WEBSITE IMAGE",""
"Hand tools","Labour Saving Wrench","https://www.nooragencies.in/products/labour-saving-wrench","https://lbbmvabcirbkzagrdmwj.supabase.co/storage/v1/object/public/products/generated-na-stock/labour-saving-wrench.png","OK","PRINT-READY","1254","1254","PNG","1","USE WEBSITE IMAGE",""
"Hand tools","Leather Punch","https://www.nooragencies.in/products/leather-punch","/products/hand-tools/animated/leather-punch.png","OK","PRINT-READY","1254","1254","PNG","1","USE WEBSITE IMAGE",""
"Hand tools","Line Tester","https://www.nooragencies.in/products/line-tester","/products/hand-tools/animated/line-tester.png","OK","PRINT-READY","1254","1254","PNG","1","USE WEBSITE IMAGE",""
"Hand tools","Magnetic Tools","https://www.nooragencies.in/products/magnetic-tools","/products/hand-tools/animated/magnetic-tools.png","OK","PRINT-READY","1254","1254","PNG","1","USE WEBSITE IMAGE",""
"Hand tools","Manual Foam Cannon","https://www.nooragencies.in/products/tuqo-manual-foam-cannon","/products/hand-tools/animated/manual-foam-cannon.png","OK","PRINT-READY","1254","1254","PNG","1","USE WEBSITE IMAGE",""
"Hand tools","Manual Stapler","https://www.nooragencies.in/products/miles-manual-stapler","/products/hand-tools/animated/manual-stapler.png","OK","PRINT-READY","1254","1254","PNG","1","USE WEBSITE IMAGE",""
"Hand tools","Manvetti(Mamootie)","https://www.nooragencies.in/products/masonary-manvetti-mamootie","/products/hand-tools/animated/manvetti-mamootie.png","OK","PRINT-READY","1254","1254","PNG","1","USE WEBSITE IMAGE",""
"Hand tools","Masonry Trowel","https://www.nooragencies.in/products/masonry-trowel","/products/hand-tools/animated/masonry-trowel.png","OK","PRINT-READY","1254","1254","PNG","1","USE WEBSITE IMAGE",""
"Hand tools","Measuring Tape & Spirit Level","https://www.nooragencies.in/products/measuring-tape-level","/products/hand-tools/animated/measuring-tape-and-spirit-level.png","OK","PRINT-READY","1254","1254","PNG","1","USE WEBSITE IMAGE",""
"Hand tools","Metal Towing Rope","https://www.nooragencies.in/products/amb-metal-towing-rope","/products/hand-tools/animated/metal-towing-rope.png","OK","PRINT-READY","1254","1254","PNG","1","USE WEBSITE IMAGE",""
"Hand tools","Mini Air Compressor","https://www.nooragencies.in/products/amb-mini-air-compressor","/products/hand-tools/animated/mini-air-compressor.png","OK","PRINT-READY","1254","1254","PNG","1","USE WEBSITE IMAGE",""
"Hand tools","Mini Nipper","https://www.nooragencies.in/products/dayton-mini-nipper","/products/hand-tools/animated/mini-nipper.png","OK","PRINT-READY","1254","1254","PNG","1","USE WEBSITE IMAGE",""
"Hand tools","Multifunctional Wire Stripper","https://www.nooragencies.in/products/metso-multifunctional-wire-stripper","/products/hand-tools/animated/multifunctional-wire-stripper.png","OK","PRINT-READY","1254","1254","PNG","1","USE WEBSITE IMAGE",""
"Hand tools","Multimeter","https://www.nooragencies.in/products/pro-cut-tools-multimeter","/products/hand-tools/animated/multimeter.png","OK","PRINT-READY","1254","1254","PNG","1","USE WEBSITE IMAGE",""
"Hand tools","Nippers & Pincers","https://www.nooragencies.in/products/nipper-pincer","/products/hand-tools/animated/nippers-and-pincers.png","OK","PRINT-READY","1254","1254","PNG","1","USE WEBSITE IMAGE",""
"Hand tools","Non-Sparking Tools","https://www.nooragencies.in/products/non-sparking-tools","/products/hand-tools/animated/non-sparking-tools.png","OK","PRINT-READY","1254","1254","PNG","1","USE WEBSITE IMAGE",""
"Hand tools","Nylon & Soft Faced Hammer","https://www.nooragencies.in/products/nylon-soft-faced-hammer","/products/hand-tools/animated/nylon-and-soft-faced-hammer.png","OK","PRINT-READY","1254","1254","PNG","1","USE WEBSITE IMAGE",""
"Hand tools","Nylon Hammer","https://www.nooragencies.in/products/chetak-nylon-hammer","/products/hand-tools/animated/nylon-hammer.png","OK","PRINT-READY","1254","1254","PNG","1","USE WEBSITE IMAGE",""
"Hand tools","Nylon Hammer Head","https://www.nooragencies.in/products/chetak-nylon-hammer-head","/products/hand-tools/animated/nylon-hammer-head.png","OK","PRINT-READY","1254","1254","PNG","1","USE WEBSITE IMAGE",""
"Hand tools","Nylon Hammer Heads","https://www.nooragencies.in/products/pat-nylon-hammer-heads","/products/hand-tools/animated/nylon-hammer-heads.png","OK","PRINT-READY","1254","1254","PNG","1","USE WEBSITE IMAGE",""
"Hand tools","Octagonal Chisel","https://www.nooragencies.in/products/octagonal-chisel","/products/hand-tools/animated/octagonal-chisel.png","OK","PRINT-READY","1254","1254","PNG","1","USE WEBSITE IMAGE",""
"Hand tools","Office Scissors","https://www.nooragencies.in/products/scissors-office-scissors","/products/hand-tools/animated/office-scissors.png","OK","PRINT-READY","1254","1254","PNG","1","USE WEBSITE IMAGE",""
"Hand tools","Oil Can","https://www.nooragencies.in/products/chetak-oil-can","/products/hand-tools/animated/oil-can.png","OK","PRINT-READY","1254","1254","PNG","1","USE WEBSITE IMAGE",""
"Hand tools","Oil Transfer Pump With Tube","https://www.nooragencies.in/products/amb-oil-transfer-pump-with-tube","/products/hand-tools/animated/oil-transfer-pump-with-tube.png","OK","PRINT-READY","1254","1254","PNG","1","USE WEBSITE IMAGE",""
"Hand tools","Packing Pliers","https://www.nooragencies.in/products/strapping-machines-packing-pliers","/products/hand-tools/animated/packing-pliers.png","OK","PRINT-READY","1254","1254","PNG","1","USE WEBSITE IMAGE",""
"Hand tools","Paint Spray & Air Gun","https://www.nooragencies.in/products/paint-spray-air-gun","/products/hand-tools/animated/paint-spray-and-air-gun.png","OK","PRINT-READY","1254","1254","PNG","1","USE WEBSITE IMAGE",""
"Hand tools","Paint Spray Guns","https://www.nooragencies.in/products/msi-paint-spray-guns","/products/hand-tools/animated/paint-spray-gun.png","OK","PRINT-READY","1254","1254","PNG","1","USE WEBSITE IMAGE",""
"Hand tools","Pipe Wrench","https://www.nooragencies.in/products/pipe-wrench","/products/hand-tools/animated/pipe-wrench.png","OK","PRINT-READY","1254","1254","PNG","1","USE WEBSITE IMAGE",""
"Hand tools","Piston Compression Tool","https://www.nooragencies.in/products/metso-piston-compression-tool","/products/hand-tools/animated/piston-compression-tool.png","OK","PRINT-READY","1254","1254","PNG","1","USE WEBSITE IMAGE",""
"Hand tools","Plastering Tools","https://www.nooragencies.in/products/masonary-plastering-tools","/products/hand-tools/animated/plastering-tools.png","OK","PRINT-READY","1254","1254","PNG","1","USE WEBSITE IMAGE",""
"Hand tools","Pliers","https://www.nooragencies.in/products/pliers","/products/hand-tools/animated/pliers.png","OK","PRINT-READY","1254","1254","PNG","1","USE WEBSITE IMAGE",""
"Hand tools","Plumbob","https://www.nooragencies.in/products/masonary-plumbob","/products/hand-tools/animated/plumbob.png","OK","PRINT-READY","1254","1254","PNG","1","USE WEBSITE IMAGE",""
"Hand tools","Pressure Washer","https://www.nooragencies.in/products/my-royal-pressure-washer","/products/hand-tools/animated/pressure-washer.png","OK","PRINT-READY","1254","1254","PNG","1","USE WEBSITE IMAGE",""
"Hand tools","Pruning Saw","https://www.nooragencies.in/products/pruning-saw","/products/hand-tools/animated/pruning-saw.png","OK","PRINT-READY","1254","1254","PNG","1","USE WEBSITE IMAGE",""
"Hand tools","Pruning Sickle","https://www.nooragencies.in/products/pruning-sickle","/products/hand-tools/animated/pruning-sickle.png","OK","PRINT-READY","1254","1254","PNG","1","USE WEBSITE IMAGE",""
"Hand tools","Pulleys","https://www.nooragencies.in/products/amb-pulleys","/products/hand-tools/animated/pulleys.png","OK","PRINT-READY","1254","1254","PNG","1","USE WEBSITE IMAGE",""
"Hand tools","Putty Knife","https://www.nooragencies.in/products/ambika-putty-knife","/products/hand-tools/animated/putty-knife.png","OK","PRINT-READY","1254","1254","PNG","1","USE WEBSITE IMAGE",""
"Hand tools","Putty Knife & Scraper","https://www.nooragencies.in/products/putty-knife-scraper","/products/hand-tools/animated/putty-knife-and-scraper.png","OK","PRINT-READY","1254","1254","PNG","1","USE WEBSITE IMAGE",""
"Hand tools","PVC Pipe & Snap-Off Cutter","https://www.nooragencies.in/products/pvc-pipe-snap-off-cutter","/products/hand-tools/animated/pvc-pipe-and-snap-off-cutter.png","OK","PRINT-READY","1254","1254","PNG","1","USE WEBSITE IMAGE",""
"Hand tools","Pvc Pipe Cutters","https://www.nooragencies.in/products/hanbon-tools-pvc-pipe-cutters","/products/hand-tools/animated/pvc-pipe-cutter.png","OK","PRINT-READY","1254","1254","PNG","1","USE WEBSITE IMAGE",""
"Hand tools","Pvc Rubber Hammer","https://www.nooragencies.in/products/ultrafast-pvc-rubber-hammer","/products/hand-tools/animated/pvc-rubber-hammer.png","OK","PRINT-READY","1254","1254","PNG","1","USE WEBSITE IMAGE",""
"Hand tools","Pvc Tap Adaptors","https://www.nooragencies.in/products/water-guns-and-fittings-pvc-tap-adaptors","/products/hand-tools/animated/pvc-tap-adaptors.png","OK","PRINT-READY","1254","1254","PNG","1","USE WEBSITE IMAGE",""
"Hand tools","Rachet Handles","https://www.nooragencies.in/products/amb-rachet-handles","/products/hand-tools/animated/rachet-handles.png","OK","PRINT-READY","1254","1254","PNG","1","USE WEBSITE IMAGE",""
"Hand tools","Ratchet Bits And Socket Sets And Spanners","https://www.nooragencies.in/products/chinese-generic-ratchet-bits-and-socket-sets-and-spanners","/products/hand-tools/animated/ratchet-bits-and-socket-sets-and-spanners.png","OK","PRINT-READY","1254","1254","PNG","1","USE WEBSITE IMAGE",""
"Hand tools","Ratchet Handle","https://www.nooragencies.in/products/pro-cut-tools-ratchet-handle","/products/hand-tools/animated/ratchet-handle.png","OK","PRINT-READY","1254","1254","PNG","1","USE WEBSITE IMAGE",""
"Hand tools","Ring Spanner","https://www.nooragencies.in/products/ring-spanner","/products/hand-tools/animated/ring-spanner.png","OK","PRINT-READY","1254","1254","PNG","1","USE WEBSITE IMAGE",""
"Hand tools","Rivet Nut Tool Kit","https://www.nooragencies.in/products/metso-rivet-nut-tool-kit","/products/hand-tools/animated/rivet-nut-tool-kit.png","OK","PRINT-READY","1254","1254","PNG","1","USE WEBSITE IMAGE",""
"Hand tools","Rodometer(Measuring Wheel)","https://www.nooragencies.in/products/metso-rodometer-measuring-wheel","/products/hand-tools/animated/rodometer-measuring-wheel.png","OK","PRINT-READY","1254","1254","PNG","1","USE WEBSITE IMAGE",""
"Hand tools","Rubber Hammer","https://www.nooragencies.in/products/rubber-hammer","/products/hand-tools/animated/rubber-hammer.png","OK","PRINT-READY","1254","1254","PNG","1","USE WEBSITE IMAGE",""
"Hand tools","Sanding Kit","https://www.nooragencies.in/products/pro-cut-tools-sanding-kit","/products/hand-tools/animated/sanding-kit.png","OK","PRINT-READY","1254","1254","PNG","1","USE WEBSITE IMAGE",""
"Hand tools","Satti","https://www.nooragencies.in/products/masonary-satti","/products/hand-tools/animated/satti.png","OK","PRINT-READY","1254","1254","PNG","1","USE WEBSITE IMAGE",""
"Hand tools","Scissor Jacks","https://www.nooragencies.in/products/jacks-leo-scissor-jacks","/products/hand-tools/animated/scissor-jacks.png","OK","PRINT-READY","1254","1254","PNG","1","USE WEBSITE IMAGE",""
"Hand tools","Scissors","https://www.nooragencies.in/products/amb-scissors","/products/hand-tools/animated/scissors.png","OK","PRINT-READY","1254","1254","PNG","1","USE WEBSITE IMAGE",""
"Hand tools","Scissors & Aviation Snips","https://www.nooragencies.in/products/scissors-snips","/products/hand-tools/animated/scissors-and-aviation-snips.png","OK","PRINT-READY","1254","1254","PNG","1","USE WEBSITE IMAGE",""
"Hand tools","Screw Extractor Set 5 Piece","https://www.nooragencies.in/products/screw-extractor-set-5-piece","https://lbbmvabcirbkzagrdmwj.supabase.co/storage/v1/object/public/products/generated-na-stock/screw-extractor-set-5-piece.png","OK","PRINT-READY","1254","1254","PNG","1","USE WEBSITE IMAGE",""
"Hand tools","Screw Extractor Sets","https://www.nooragencies.in/products/hanbon-tools-screw-extractor-sets","/products/hand-tools/animated/screw-extractor-sets.png","OK","PRINT-READY","1254","1254","PNG","1","USE WEBSITE IMAGE",""
"Hand tools","Screwdriver","https://www.nooragencies.in/products/screwdriver","/products/hand-tools/animated/screwdriver.png","OK","PRINT-READY","1254","1254","PNG","1","USE WEBSITE IMAGE",""
"Hand tools","Screwdriver Bits","https://www.nooragencies.in/products/screwdriver-bits","/products/hand-tools/animated/screwdriver-bits.png","OK","PRINT-READY","1254","1254","PNG","1","USE WEBSITE IMAGE",""
"Hand tools","Screwdriver Sets","https://www.nooragencies.in/products/mech-care-screwdriver-sets","/products/hand-tools/animated/screwdriver-set.png","OK","PRINT-READY","1254","1254","PNG","1","USE WEBSITE IMAGE",""
"Hand tools","Screwdrivers","https://www.nooragencies.in/products/fizzcut-screwdrivers","/products/hand-tools/animated/screwdrivers.png","OK","PRINT-READY","1254","1254","PNG","1","USE WEBSITE IMAGE",""
"Hand tools","SDS Chisel","https://www.nooragencies.in/products/sds-chisel","/products/hand-tools/animated/sds-chisel.png","OK","PRINT-READY","1254","1254","PNG","1","USE WEBSITE IMAGE",""
"Hand tools","Single Ended Open Jaw Spanner","https://www.nooragencies.in/products/single-ended-spanner","/products/hand-tools/animated/single-ended-open-jaw-spanner.png","OK","PRINT-READY","1254","1254","PNG","1","USE WEBSITE IMAGE",""
"Hand tools","Sink Installer Tool","https://www.nooragencies.in/products/sink-installer-tool","https://lbbmvabcirbkzagrdmwj.supabase.co/storage/v1/object/public/products/generated-na-stock/sink-installer-tool.png","OK","PRINT-READY","1254","1254","PNG","1","USE WEBSITE IMAGE",""
"Hand tools","Sink Installer/Flumer Wrench","https://www.nooragencies.in/products/chinese-generic-sink-installer-flumer-wrench","/products/hand-tools/animated/sink-installer-flumer-wrench.png","OK","PRINT-READY","1254","1254","PNG","1","USE WEBSITE IMAGE",""
"Hand tools","Sledge Hammer","https://www.nooragencies.in/products/sledge-hammer","/products/hand-tools/animated/sledge-hammer.png","OK","PRINT-READY","1254","1254","PNG","1","USE WEBSITE IMAGE",""
"Hand tools","Slogging Spanner","https://www.nooragencies.in/products/slogging-spanner","/products/hand-tools/animated/slogging-spanner.png","OK","PRINT-READY","1254","1254","PNG","1","USE WEBSITE IMAGE",""
"Hand tools","Smartzo Socket Set 46 Piece","https://www.nooragencies.in/products/smartzo-socket-set-46-piece","https://lbbmvabcirbkzagrdmwj.supabase.co/storage/v1/object/public/products/generated-na-stock/smartzo-socket-set-46-piece.png","OK","PRINT-READY","1254","1254","PNG","1","USE WEBSITE IMAGE",""
"Hand tools","Socket Adaptors","https://www.nooragencies.in/products/pro-cut-tools-socket-adaptors","/products/hand-tools/animated/socket-adaptors.png","OK","PRINT-READY","1254","1254","PNG","1","USE WEBSITE IMAGE",""
"Hand tools","Socket Set","https://www.nooragencies.in/products/socket-set","/products/hand-tools/animated/socket-set.png","OK","PRINT-READY","1254","1254","PNG","1","USE WEBSITE IMAGE",""
"Hand tools","Soldering Iron","https://www.nooragencies.in/products/hanbon-tools-soldering-iron","/products/hand-tools/animated/soldering-iron.png","OK","PRINT-READY","1254","1254","PNG","1","USE WEBSITE IMAGE",""
"Hand tools","Soldering Irons & Accessories","https://www.nooragencies.in/products/pro-cut-tools-soldering-irons-accessories","/products/hand-tools/animated/soldering-irons-and-accessories.png","OK","PRINT-READY","1254","1254","PNG","1","USE WEBSITE IMAGE",""
"Hand tools","Spoke Shave","https://www.nooragencies.in/products/spoke-shave","/products/hand-tools/animated/spoke-shave.png","OK","PRINT-READY","1254","1254","PNG","1","USE WEBSITE IMAGE",""
"Hand tools","Sponge","https://www.nooragencies.in/products/masonary-sponge","/products/hand-tools/animated/sponge.png","OK","PRINT-READY","1254","1254","PNG","1","USE WEBSITE IMAGE",""
"Hand tools","Spray Guns","https://www.nooragencies.in/products/indigo-spray-guns","/products/hand-tools/animated/spray-gun.png","OK","PRINT-READY","1254","1254","PNG","1","USE WEBSITE IMAGE",""
"Hand tools","SRUNV Socket Set 32 Piece","https://www.nooragencies.in/products/srunv-socket-set-32-piece","https://lbbmvabcirbkzagrdmwj.supabase.co/storage/v1/object/public/products/generated-na-stock/srunv-socket-set-32-piece.png","OK","PRINT-READY","1254","1254","PNG","1","USE WEBSITE IMAGE",""
"Hand tools","Ss Nipper","https://www.nooragencies.in/products/yamato-ss-nipper","/products/hand-tools/animated/ss-nipper.png","OK","PRINT-READY","1254","1254","PNG","1","USE WEBSITE IMAGE",""
"Hand tools","Steel Files","https://www.nooragencies.in/products/steel-file","/products/hand-tools/animated/steel-files.png","OK","PRINT-READY","1254","1254","PNG","1","USE WEBSITE IMAGE",""
"Hand tools","Strap Filter Wrench","https://www.nooragencies.in/products/strap-filter-wrench","/products/hand-tools/animated/strap-filter-wrench.png","OK","PRINT-READY","1254","1254","PNG","1","USE WEBSITE IMAGE",""
"Hand tools","Strapping Tensioner","https://www.nooragencies.in/products/strapping-machines-strapping-tensioner","/products/hand-tools/animated/strapping-tensioner.png","OK","PRINT-READY","1254","1254","PNG","1","USE WEBSITE IMAGE",""
"Hand tools","T Allen Keys Chrome","https://www.nooragencies.in/products/king-tony-t-allen-keys-chrome","/products/hand-tools/animated/t-allen-keys-chrome.png","OK","PRINT-READY","1254","1254","PNG","1","USE WEBSITE IMAGE",""
"Hand tools","T Spanner","https://www.nooragencies.in/products/t-spanner","/products/hand-tools/animated/t-spanner.png","OK","PRINT-READY","1254","1254","PNG","1","USE WEBSITE IMAGE",""
"Hand tools","T Spanner Set","https://www.nooragencies.in/products/amb-t-spanner-set","/products/hand-tools/animated/t-spanner-set.png","OK","PRINT-READY","1254","1254","PNG","1","USE WEBSITE IMAGE",""
"Hand tools","Tailoring Scissors","https://www.nooragencies.in/products/scissors-tailoring-scissors","/products/hand-tools/animated/tailoring-scissors.png","OK","PRINT-READY","1254","1254","PNG","1","USE WEBSITE IMAGE",""
"Hand tools","Tape Dispenser & Manual Stapler","https://www.nooragencies.in/products/tape-dispenser-stapler","/products/hand-tools/animated/tape-dispenser-and-manual-stapler.png","OK","PRINT-READY","1254","1254","PNG","1","USE WEBSITE IMAGE",""
"Hand tools","Tape Dispensers","https://www.nooragencies.in/products/falcon-tape-dispensers","/products/hand-tools/animated/tape-dispenser.png","OK","PRINT-READY","1254","1254","PNG","1","USE WEBSITE IMAGE",""
"Hand tools","TAT Ratchet Socket Set 12 Piece","https://www.nooragencies.in/products/tat-ratchet-socket-set-12-piece","https://lbbmvabcirbkzagrdmwj.supabase.co/storage/v1/object/public/products/generated-na-stock/tat-ratchet-socket-set-12-piece.png","OK","PRINT-READY","1254","1254","PNG","1","USE WEBSITE IMAGE",""
"Hand tools","TATNAD Power Scissors","https://www.nooragencies.in/products/tatnad-power-scissors","https://lbbmvabcirbkzagrdmwj.supabase.co/storage/v1/object/public/products/generated-na-stock/tatnad-power-scissors.png","OK","PRINT-READY","1254","1254","PNG","1","USE WEBSITE IMAGE",""
"Hand tools","TATNAD SK-5 Cutter Knife","https://www.nooragencies.in/products/tatnad-sk5-cutter-knife","https://lbbmvabcirbkzagrdmwj.supabase.co/storage/v1/object/public/products/generated-na-stock/tatnad-sk5-cutter-knife.png","OK","PRINT-READY","1254","1254","PNG","1","USE WEBSITE IMAGE",""
"Hand tools","TATNAD T-Type Socket Set 13 Piece","https://www.nooragencies.in/products/tatnad-t-type-socket-set-13-piece","https://lbbmvabcirbkzagrdmwj.supabase.co/storage/v1/object/public/products/generated-na-stock/tatnad-t-type-socket-set-13-piece.png","OK","PRINT-READY","1254","1254","PNG","1","USE WEBSITE IMAGE",""
"Hand tools","Thread Die Set","https://www.nooragencies.in/products/maf-pro-thread-die-set","/products/hand-tools/animated/thread-die-set.png","OK","PRINT-READY","1254","1254","PNG","1","USE WEBSITE IMAGE",""
"Hand tools","Thread Maker Tool","https://www.nooragencies.in/products/thread-maker-tool","https://lbbmvabcirbkzagrdmwj.supabase.co/storage/v1/object/public/products/generated-na-stock/thread-maker-tool.png","OK","PRINT-READY","1254","1254","PNG","1","USE WEBSITE IMAGE",""
"Hand tools","Tile Cutter","https://www.nooragencies.in/products/tile-cutter","/products/hand-tools/animated/tile-cutter.png","OK","PRINT-READY","1254","1254","PNG","1","USE WEBSITE IMAGE",""
"Hand tools","Tile Cutter Spare Blades","https://www.nooragencies.in/products/tile-cutter-tile-cutter-spare-blades","/products/hand-tools/animated/tile-cutter-spare-blades.png","OK","PRINT-READY","1254","1254","PNG","1","USE WEBSITE IMAGE",""
"Hand tools","Tile Levelling Plier","https://www.nooragencies.in/products/metso-tile-levelling-plier","/products/hand-tools/animated/tile-levelling-plier.png","OK","PRINT-READY","1254","1254","PNG","1","USE WEBSITE IMAGE",""
"Hand tools","Tile Spacers Clips Wedges","https://www.nooragencies.in/products/masonary-tile-spacers-clips-wedges","/products/hand-tools/animated/tile-spacers-clips-wedges.png","OK","PRINT-READY","1254","1254","PNG","1","USE WEBSITE IMAGE",""
"Hand tools","Tool Bag","https://www.nooragencies.in/products/tool-bag","/products/hand-tools/animated/tool-bag.png","OK","PRINT-READY","1254","1254","PNG","1","USE WEBSITE IMAGE",""
"Hand tools","Tool Box","https://www.nooragencies.in/products/pro-cut-tools-tool-box","/products/hand-tools/animated/tool-box.png","OK","PRINT-READY","1254","1254","PNG","1","USE WEBSITE IMAGE",""
"Hand tools","Tool Box & Tool Kit","https://www.nooragencies.in/products/tool-box-tool-kit","/products/hand-tools/animated/tool-box-and-tool-kit.png","OK","PRINT-READY","1254","1254","PNG","1","USE WEBSITE IMAGE",""
"Hand tools","Tools Kit","https://www.nooragencies.in/products/strong-ali-tools-kit","/products/hand-tools/animated/tools-kit.png","OK","PRINT-READY","1254","1254","PNG","1","USE WEBSITE IMAGE",""
"Hand tools","Tools Trolley","https://www.nooragencies.in/products/tools-trolley","/products/hand-tools/animated/tools-trolley.png","OK","PRINT-READY","1254","1254","PNG","1","USE WEBSITE IMAGE",""
"Hand tools","Torque Wrench","https://www.nooragencies.in/products/torque-wrench","/products/hand-tools/animated/torque-wrench.png","OK","PRINT-READY","1254","1254","PNG","1","USE WEBSITE IMAGE",""
"Hand tools","Triangles","https://www.nooragencies.in/products/hanbon-tools-triangles","/products/hand-tools/animated/triangles.png","OK","PRINT-READY","1254","1254","PNG","1","USE WEBSITE IMAGE",""
"Hand tools","Triangualr Scale","https://www.nooragencies.in/products/masonary-triangualr-scale","/products/hand-tools/animated/triangualr-scale.png","OK","PRINT-READY","1254","1254","PNG","1","USE WEBSITE IMAGE",""
"Hand tools","Trolley Jacks","https://www.nooragencies.in/products/elephant-trolley-jacks","/products/hand-tools/animated/trolley-jack.png","OK","PRINT-READY","1254","1254","PNG","1","USE WEBSITE IMAGE",""
"Hand tools","Try Square","https://www.nooragencies.in/products/vomb-try-square","/products/hand-tools/animated/try-square.png","OK","PRINT-READY","1254","1254","PNG","1","USE WEBSITE IMAGE",""
"Hand tools","Try Square & Steel Rule","https://www.nooragencies.in/products/try-square-steel-rule","/products/hand-tools/animated/try-square-and-steel-rule.png","OK","PRINT-READY","1254","1254","PNG","1","USE WEBSITE IMAGE",""
"Hand tools","Tyre Guage","https://www.nooragencies.in/products/elephant-tyre-guage","/products/hand-tools/animated/tyre-guage.png","OK","PRINT-READY","1254","1254","PNG","1","USE WEBSITE IMAGE",""
"Hand tools","Tyre Inflating Gun","https://www.nooragencies.in/products/pro-cut-tools-tyre-inflating-gun","/products/hand-tools/animated/tyre-inflating-gun.png","OK","PRINT-READY","1254","1254","PNG","1","USE WEBSITE IMAGE",""
"Hand tools","Tyre Lever","https://www.nooragencies.in/products/ratco-tyre-lever","/products/hand-tools/animated/tyre-lever.png","OK","PRINT-READY","1254","1254","PNG","1","USE WEBSITE IMAGE",""
"Hand tools","Tyre Repair Kit","https://www.nooragencies.in/products/pro-cut-tools-tyre-repair-kit","/products/hand-tools/animated/tyre-repair-kit.png","OK","PRINT-READY","1254","1254","PNG","1","USE WEBSITE IMAGE",""
"Hand tools","Vernier Caliper","https://www.nooragencies.in/products/vernier-caliper","/products/hand-tools/animated/vernier-caliper.png","OK","PRINT-READY","1254","1254","PNG","1","USE WEBSITE IMAGE",""
"Hand tools","Voltage Test Pencil","https://www.nooragencies.in/products/voltage-test-pencil","https://lbbmvabcirbkzagrdmwj.supabase.co/storage/v1/object/public/products/generated-na-stock/voltage-test-pencil.png","OK","PRINT-READY","1254","1254","PNG","1","USE WEBSITE IMAGE",""
"Hand tools","VOMB Hand Scissors 12 Inch","https://www.nooragencies.in/products/vomb-hand-scissors-12-inch","https://lbbmvabcirbkzagrdmwj.supabase.co/storage/v1/object/public/products/generated-na-stock/vomb-hand-scissors-12-inch.png","OK","PRINT-READY","1254","1254","PNG","1","USE WEBSITE IMAGE",""
"Hand tools","Water Spray Gun","https://www.nooragencies.in/products/painter-water-spray-gun","/products/hand-tools/animated/water-spray-gun.png","OK","PRINT-READY","1254","1254","PNG","1","USE WEBSITE IMAGE",""
"Hand tools","Well Pulley","https://www.nooragencies.in/products/pro-cut-tools-well-pulley","/products/hand-tools/animated/well-pulley.png","OK","PRINT-READY","1254","1254","PNG","1","USE WEBSITE IMAGE",""
"Hand tools","Wire Brush Wood Handle","https://www.nooragencies.in/products/ultrafast-wire-brush-wood-handle","/products/hand-tools/animated/wire-brush-wood-handle.png","OK","PRINT-READY","1254","1254","PNG","1","USE WEBSITE IMAGE",""
"Hand tools","Wire Stripper & Crimping Tool","https://www.nooragencies.in/products/wire-stripper-crimping-tool","/products/hand-tools/animated/wire-stripper-and-crimping-tool.png","OK","PRINT-READY","1254","1254","PNG","1","USE WEBSITE IMAGE",""
"Hand tools","Wooden Hammer","https://www.nooragencies.in/products/smart-wooden-hammer","/products/hand-tools/animated/wooden-hammer.png","OK","PRINT-READY","1254","1254","PNG","1","USE WEBSITE IMAGE",""
"Hand tools","Wooden Handle Size Baby","https://www.nooragencies.in/products/masonary-wooden-handle-size-baby","/products/hand-tools/animated/wooden-handle-size-baby.png","OK","PRINT-READY","1254","1254","PNG","1","USE WEBSITE IMAGE",""
"Hand tools","Wooden Handles","https://www.nooragencies.in/products/masonary-wooden-handles","/products/hand-tools/animated/wooden-handles.png","OK","PRINT-READY","1254","1254","PNG","1","USE WEBSITE IMAGE",""
"Hand tools","Work Light Torch","https://www.nooragencies.in/products/work-light-torch","https://lbbmvabcirbkzagrdmwj.supabase.co/storage/v1/object/public/products/generated-na-stock/work-light-torch.png","OK","PRINT-READY","1254","1254","PNG","1","USE WEBSITE IMAGE",""
"Hand tools","Working Light","https://www.nooragencies.in/products/hanbon-tools-working-light","/products/hand-tools/animated/working-light.png","OK","PRINT-READY","1254","1254","PNG","1","USE WEBSITE IMAGE",""
"Hand tools","Wrecking Bar","https://www.nooragencies.in/products/ratco-wrecking-bar","/products/hand-tools/animated/wrecking-bar.png","OK","PRINT-READY","1254","1254","PNG","1","USE WEBSITE IMAGE",""
"Heat/Insulation","Ceramic Blanket","https://www.nooragencies.in/products/ceramic-blanket","https://lbbmvabcirbkzagrdmwj.supabase.co/storage/v1/object/public/products/1781536872355-ceramic%20blanket.jpg","OK","LOW-RES","522","272","JPEG","1","REPLACEMENT RECOMMENDED",""
"Heat/Insulation","Glass Wool","https://www.nooragencies.in/products/glass-wool","https://lbbmvabcirbkzagrdmwj.supabase.co/storage/v1/object/public/products/1781537834364-glass%20wool.jpg","OK","USABLE","1200","968","JPEG","1","USE WEBSITE IMAGE",""
"Hoses","Air Braided Hose","https://www.nooragencies.in/products/air-braided-hose","https://lbbmvabcirbkzagrdmwj.supabase.co/storage/v1/object/public/products/1781606517874-air%20braided%20hose.jpg","OK","LOW-RES","425","425","JPEG","1","REPLACEMENT RECOMMENDED",""
"Hoses","Braided Water Hose","https://www.nooragencies.in/products/braided-water-hose","/products/braided-water-hose.jpg","OK","LOW-RES","294","449","JPEG","1","REPLACEMENT RECOMMENDED",""
"Hoses","Construction Braided Hose","https://www.nooragencies.in/products/construction-braided-hose","https://lbbmvabcirbkzagrdmwj.supabase.co/storage/v1/object/public/products/1781607211173-construction%20hose.jpeg","OK","PRINT-READY","1413","1920","JPEG","1","USE WEBSITE IMAGE",""
"Hoses","Flat Hose","https://www.nooragencies.in/products/flat-hose","https://lbbmvabcirbkzagrdmwj.supabase.co/storage/v1/object/public/products/1781600496233-flat%20hose.jpg","OK","LOW-RES","679","453","JPEG","1","REPLACEMENT RECOMMENDED",""
"Hoses","Hose Protection Sleeve","https://www.nooragencies.in/products/hose-protection-sleeve","/products/hose-protection-sleeve.png","OK","LOW-RES","592","456","PNG","1","REPLACEMENT RECOMMENDED",""
"Hoses","Nylon Tube","https://www.nooragencies.in/products/nylon-tube","https://lbbmvabcirbkzagrdmwj.supabase.co/storage/v1/object/public/products/1781607360206-nylon%20tube.jpg","OK","LOW-RES","355","355","JPEG","1","REPLACEMENT RECOMMENDED",""
"Hoses","Power Spray Hose","https://www.nooragencies.in/products/power-spray-hose","/products/power-spray-hose.jpg","OK","LOW-RES","339","243","JPEG","1","REPLACEMENT RECOMMENDED",""
"Hoses","Pressure Washer Outlet Hose","https://www.nooragencies.in/products/pressure-washer-outlet-hose","https://lbbmvabcirbkzagrdmwj.supabase.co/storage/v1/object/public/products/generated-na-stock/pressure-washer-outlet-hose.png","OK","PRINT-READY","1254","1254","PNG","1","USE WEBSITE IMAGE",""
"Hoses","PU Coil","https://www.nooragencies.in/products/pu-coil","https://lbbmvabcirbkzagrdmwj.supabase.co/storage/v1/object/public/products/1781606717461-pu%20coil.jpg","OK","LOW-RES","425","425","JPEG","1","REPLACEMENT RECOMMENDED",""
"Hoses","PU Tube","https://www.nooragencies.in/products/pu-tube","/products/pu-tube.jpg","OK","LOW-RES","450","450","JPEG","1","REPLACEMENT RECOMMENDED",""
"Hoses","PVC Duct Hose","https://www.nooragencies.in/products/pvc-duct-hose","https://lbbmvabcirbkzagrdmwj.supabase.co/storage/v1/object/public/products/1781608363050-duct%20hose.jpg","OK","LOW-RES","425","392","JPEG","1","REPLACEMENT RECOMMENDED",""
"Hoses","PVC Garden Hose","https://www.nooragencies.in/products/pvc-garden-hose","/products/pvc-garden-hose.jpg","OK","LOW-RES","371","370","JPEG","1","REPLACEMENT RECOMMENDED",""
"Hoses","PVC Steel Wire Hose","https://www.nooragencies.in/products/pvc-steel-wire-hose","/products/pvc-steel-wire-hose.png","OK","LOW-RES","500","450","PNG","1","REPLACEMENT RECOMMENDED",""
"Hoses","PVC Suction Hose","https://www.nooragencies.in/products/pvc-suction-hose","https://lbbmvabcirbkzagrdmwj.supabase.co/storage/v1/object/public/products/1781606924066-pvc%20suction%20hose.jpg","OK","LOW-RES","425","425","JPEG","1","REPLACEMENT RECOMMENDED",""
"Hoses","Silicon Tube","https://www.nooragencies.in/products/silicon-tube","https://lbbmvabcirbkzagrdmwj.supabase.co/storage/v1/object/public/products/1781607478376-silicon%20tube.jpg","OK","LOW-RES","425","349","JPEG","1","REPLACEMENT RECOMMENDED",""
"Hoses","TPR Welding Hose","https://www.nooragencies.in/products/tpr-welding-hose","https://lbbmvabcirbkzagrdmwj.supabase.co/storage/v1/object/public/products/1781608491553-welding%20hose.jpg","OK","LOW-RES","428","606","JPEG","1","REPLACEMENT RECOMMENDED",""
"Hoses","Washing Machine Hose","https://www.nooragencies.in/products/washing-machine-hose","/products/washing-machine-hose.jpg","OK","LOW-RES","211","257","JPEG","1","REPLACEMENT RECOMMENDED",""
"Industrial Chemicals","Isopropyl Alcohol","https://www.nooragencies.in/products/isopropyl-alcohol","https://lbbmvabcirbkzagrdmwj.supabase.co/storage/v1/object/public/products/generated-na-stock/isopropyl-alcohol.png","OK","PRINT-READY","1254","1254","PNG","1","USE WEBSITE IMAGE",""
"Ladders & Sections","Aluminium Ladder","https://www.nooragencies.in/products/aluminium-ladder","/products/ladders/aluminium-ladder.png","OK","PRINT-READY","1254","1254","PNG","1","USE WEBSITE IMAGE",""
"Ladders & Sections","Telescopic Ladder","https://www.nooragencies.in/products/telescopic-ladder","/products/ladders/telescopic-ladder.png","OK","PRINT-READY","1254","1254","PNG","1","USE WEBSITE IMAGE",""
"Lifting equipments","Anti-Abrasive Sleeve","https://www.nooragencies.in/products/anti-abrasive-sleeve","/products/lifting-equipment/anti-abrasive-sleeve.webp","OK","PRINT-READY","1200","1200","WEBP","1","USE WEBSITE IMAGE",""
"Lifting equipments","Hydraulic Bottle Jack","https://www.nooragencies.in/products/hydraulic-bottle-jack","https://lbbmvabcirbkzagrdmwj.supabase.co/storage/v1/object/public/products/generated-na-stock/hydraulic-bottle-jack.png","OK","PRINT-READY","1254","1254","PNG","1","USE WEBSITE IMAGE",""
"Lifting equipments","Jack Handle","https://www.nooragencies.in/products/jack-handle","https://lbbmvabcirbkzagrdmwj.supabase.co/storage/v1/object/public/products/generated-na-stock/jack-handle.png","OK","PRINT-READY","1254","1254","PNG","1","USE WEBSITE IMAGE",""
"Lifting equipments","Magnetic Lifter","https://www.nooragencies.in/products/magnetic-lifter","/products/lifting-equipment/magnetic-lifter.webp","OK","PRINT-READY","1200","1200","WEBP","1","USE WEBSITE IMAGE",""
"Lifting equipments","Ratchet Lashing","https://www.nooragencies.in/products/ratchet-lash","/products/lifting-equipment/ratchet-lashing.webp","OK","PRINT-READY","1200","1200","WEBP","1","USE WEBSITE IMAGE",""
"Lifting equipments","Scissor Jack","https://www.nooragencies.in/products/scissor-jack","https://lbbmvabcirbkzagrdmwj.supabase.co/storage/v1/object/public/products/generated-na-stock/scissor-jack.png","OK","PRINT-READY","1254","1254","PNG","1","USE WEBSITE IMAGE",""
"Lifting equipments","Webbing Sling","https://www.nooragencies.in/products/webbing-sling","/products/lifting-equipment/webbing-sling-all-colours.webp","OK","PRINT-READY","1200","1200","WEBP","1","USE WEBSITE IMAGE",""
"Lubricants & Sealants","Aerol Corrogard Wax Spray","https://www.nooragencies.in/products/aerol-corrogard-wax-spray","/category-icons/lubricants-sealants.png","OK","BORDERLINE","500","500","PNG","1","REVIEW / REPLACE IF AVAILABLE",""
"Lubricants & Sealants","Aerol Dye Penetrant","https://www.nooragencies.in/products/aerol-dye-penetrant","https://lbbmvabcirbkzagrdmwj.supabase.co/storage/v1/object/public/products/web-catalog/aerol-dpt-kit.jpg","OK","USABLE","850","850","JPEG","3","REVIEW SHARED IMAGE",""
"Lubricants & Sealants","Aerol Dye Penetrant Cleaner","https://www.nooragencies.in/products/aerol-dye-penetrant-cleaner","https://lbbmvabcirbkzagrdmwj.supabase.co/storage/v1/object/public/products/web-catalog/aerol-dpt-kit.jpg","OK","USABLE","850","850","JPEG","3","REVIEW SHARED IMAGE",""
"Lubricants & Sealants","Aerol Dye Penetrant Developer","https://www.nooragencies.in/products/aerol-dye-penetrant-developer","https://lbbmvabcirbkzagrdmwj.supabase.co/storage/v1/object/public/products/web-catalog/aerol-dpt-kit.jpg","OK","USABLE","850","850","JPEG","3","REVIEW SHARED IMAGE",""
"Lubricants & Sealants","Aerol Moly Spray","https://www.nooragencies.in/products/aerol-moly-spray","https://lbbmvabcirbkzagrdmwj.supabase.co/storage/v1/object/public/products/web-catalog/aerol-moly-spray.jpg","OK","BORDERLINE","500","500","JPEG","1","REVIEW / REPLACE IF AVAILABLE",""
"Lubricants & Sealants","Aerol Zinc Spray","https://www.nooragencies.in/products/aerol-zinc-spray","https://lbbmvabcirbkzagrdmwj.supabase.co/storage/v1/object/public/products/web-catalog/aerol-zinc-spray.jpg","OK","BORDERLINE","500","500","JPEG","1","REVIEW / REPLACE IF AVAILABLE",""
"Lubricants & Sealants","OKS 451 Chain Lubricant","https://www.nooragencies.in/products/oks-451-chain-lubricant","/products/oks.png","OK","LOW-RES","612","408","PNG","2","REPLACEMENT RECOMMENDED",""
"Lubricants & Sealants","OKS 641 Maintenance Oil","https://www.nooragencies.in/products/oks-641-maintenance-oil","/products/oks.png","OK","LOW-RES","612","408","PNG","2","REPLACEMENT RECOMMENDED",""
"Lubricants & Sealants","Rustlick 631","https://www.nooragencies.in/products/rustlick-631","https://lbbmvabcirbkzagrdmwj.supabase.co/storage/v1/object/public/products/web-catalog/rustlick-631.jpg","OK","BORDERLINE","500","500","JPEG","1","REVIEW / REPLACE IF AVAILABLE",""
"Lubricants & Sealants","Rustolene","https://www.nooragencies.in/products/rustolene","https://lbbmvabcirbkzagrdmwj.supabase.co/storage/v1/object/public/products/web-catalog/rustolene.jpg","OK","USABLE","800","800","JPEG","1","USE WEBSITE IMAGE",""
"Lubricants & Sealants","Spatter Nixe","https://www.nooragencies.in/products/spatter-nixe","https://lbbmvabcirbkzagrdmwj.supabase.co/storage/v1/object/public/products/web-catalog/spatter-nixe.jpg","OK","LOW-RES","375","500","JPEG","1","REPLACEMENT RECOMMENDED",""
"Lubricants & Sealants","Star Gel","https://www.nooragencies.in/products/star-gel","https://lbbmvabcirbkzagrdmwj.supabase.co/storage/v1/object/public/products/web-catalog/star-gel.jpg","OK","BORDERLINE","500","500","JPEG","1","REVIEW / REPLACE IF AVAILABLE",""
"Lubricants & Sealants","WD 40","https://www.nooragencies.in/products/wd-40","https://lbbmvabcirbkzagrdmwj.supabase.co/storage/v1/object/public/products/1781696780380-wd%2040.jpg","OK","BORDERLINE","522","522","JPEG","2","REVIEW / REPLACE IF AVAILABLE",""
"Lubricants & Sealants","WD-40 Specialist Contact Cleaner","https://www.nooragencies.in/products/wd-40-specialist-contact-cleaner","/products/wd 40.jpg","OK","BORDERLINE","522","522","JPEG","2","REVIEW / REPLACE IF AVAILABLE",""
"Lubricants & Sealants","Wesaf Premium Butane Gas","https://www.nooragencies.in/products/wesaf-premium-butane-gas","https://lbbmvabcirbkzagrdmwj.supabase.co/storage/v1/object/public/products/web-catalog/wesaf-butane.jpg","OK","BORDERLINE","500","500","JPEG","1","REVIEW / REPLACE IF AVAILABLE",""
"Lubricants & Sealants","Wesaf Silicone Release Spray","https://www.nooragencies.in/products/wesaf-silicone-release-spray","https://lbbmvabcirbkzagrdmwj.supabase.co/storage/v1/object/public/products/web-catalog/wesaf-silicone-release-exact.jpg","OK","LOW-RES","500","398","JPEG","1","REPLACEMENT RECOMMENDED",""
"Measuring Instruments","Bore & Inspection Gauges","https://www.nooragencies.in/products/bore-and-inspection-gauges","/products/measuring-instruments/animated/dial-indicators-bore-gauges.png","OK","PRINT-READY","1254","1254","PNG","2","REVIEW SHARED IMAGE",""
"Measuring Instruments","Depth Micrometers","https://www.nooragencies.in/products/depth-micrometers","/products/measuring-instruments/animated/micrometers.png","OK","PRINT-READY","1254","1254","PNG","4","REVIEW SHARED IMAGE",""
"Measuring Instruments","Dial Indicators","https://www.nooragencies.in/products/dial-indicators","/products/measuring-instruments/animated/dial-indicators-bore-gauges.png","OK","PRINT-READY","1254","1254","PNG","2","REVIEW SHARED IMAGE",""
"Measuring Instruments","Dial Test Indicators","https://www.nooragencies.in/products/dial-test-indicators","/products/measuring-instruments/animated/dial-test-indicators.png","OK","PRINT-READY","1254","1254","PNG","1","USE WEBSITE IMAGE",""
"Measuring Instruments","Digital Calipers","https://www.nooragencies.in/products/digital-calipers","/products/measuring-instruments/animated/digital-calipers.png","OK","PRINT-READY","1254","1254","PNG","1","USE WEBSITE IMAGE",""
"Measuring Instruments","Distance & Height Measuring Tools","https://www.nooragencies.in/products/distance-and-height-measuring-tools","/products/measuring-instruments/animated/tapes-wheels.png","OK","PRINT-READY","1254","1254","PNG","2","REVIEW SHARED IMAGE",""
"Measuring Instruments","Environmental Test Meters","https://www.nooragencies.in/products/environmental-test-meters","/products/measuring-instruments/animated/electronic-testers.png","OK","PRINT-READY","1254","1254","PNG","1","USE WEBSITE IMAGE",""
"Measuring Instruments","Gauge Block Sets","https://www.nooragencies.in/products/gauge-block-sets","/products/measuring-instruments/animated/rules-blocks.png","OK","PRINT-READY","1254","1254","PNG","3","REVIEW SHARED IMAGE",""
"Measuring Instruments","Hardness Testers","https://www.nooragencies.in/products/hardness-testers","/products/measuring-instruments/animated/hardness-testers.png","OK","PRINT-READY","1254","1254","PNG","1","USE WEBSITE IMAGE",""
"Measuring Instruments","Height & Depth Gauges","https://www.nooragencies.in/products/height-and-depth-gauges","/products/measuring-instruments/animated/calipers.png","OK","PRINT-READY","1254","1254","PNG","2","REVIEW SHARED IMAGE",""
"Measuring Instruments","Industrial Borescopes","https://www.nooragencies.in/products/industrial-borescopes","/products/measuring-instruments/animated/ndt-material-testing.png","OK","PRINT-READY","1254","1254","PNG","3","REVIEW SHARED IMAGE",""
"Measuring Instruments","Inside Micrometers","https://www.nooragencies.in/products/inside-micrometers","/products/measuring-instruments/animated/micrometers.png","OK","PRINT-READY","1254","1254","PNG","4","REVIEW SHARED IMAGE",""
"Measuring Instruments","Laser Levels","https://www.nooragencies.in/products/laser-levels","/products/measuring-instruments/animated/levels-angle.png","OK","PRINT-READY","1254","1254","PNG","3","REVIEW SHARED IMAGE",""
"Measuring Instruments","Measuring Tape","https://www.nooragencies.in/products/measuring-tape","https://lbbmvabcirbkzagrdmwj.supabase.co/storage/v1/object/public/products/generated-na-stock/measuring-tape.png","OK","PRINT-READY","1254","1254","PNG","1","USE WEBSITE IMAGE",""
"Measuring Instruments","Measuring Tapes","https://www.nooragencies.in/products/measuring-tapes","/products/measuring-instruments/animated/measuring-tapes.png","OK","PRINT-READY","1254","1254","PNG","1","USE WEBSITE IMAGE",""
"Measuring Instruments","Measuring Wheels","https://www.nooragencies.in/products/measuring-wheels","/products/measuring-instruments/animated/tapes-wheels.png","OK","PRINT-READY","1254","1254","PNG","2","REVIEW SHARED IMAGE",""
"Measuring Instruments","Outside Micrometers","https://www.nooragencies.in/products/outside-micrometers","/products/measuring-instruments/animated/micrometers.png","OK","PRINT-READY","1254","1254","PNG","4","REVIEW SHARED IMAGE",""
"Measuring Instruments","Radius Gauges","https://www.nooragencies.in/products/radius-gauges","/products/measuring-instruments/animated/rules-blocks.png","OK","PRINT-READY","1254","1254","PNG","3","REVIEW SHARED IMAGE",""
"Measuring Instruments","Specialist Calipers","https://www.nooragencies.in/products/specialist-calipers","/products/measuring-instruments/animated/calipers.png","OK","PRINT-READY","1254","1254","PNG","2","REVIEW SHARED IMAGE",""
"Measuring Instruments","Specialist Micrometers","https://www.nooragencies.in/products/specialist-micrometers","/products/measuring-instruments/animated/micrometers.png","OK","PRINT-READY","1254","1254","PNG","4","REVIEW SHARED IMAGE",""
"Measuring Instruments","Spirit & Digital Levels","https://www.nooragencies.in/products/spirit-and-digital-levels","/products/measuring-instruments/animated/levels-angle.png","OK","PRINT-READY","1254","1254","PNG","3","REVIEW SHARED IMAGE",""
"Measuring Instruments","Squares & Angle Tools","https://www.nooragencies.in/products/squares-and-angle-tools","/products/measuring-instruments/animated/levels-angle.png","OK","PRINT-READY","1254","1254","PNG","3","REVIEW SHARED IMAGE",""
"Measuring Instruments","Stands & Holders","https://www.nooragencies.in/products/stands-and-holders","/products/measuring-instruments/animated/stands-holders.png","OK","PRINT-READY","1254","1254","PNG","1","USE WEBSITE IMAGE",""
"Measuring Instruments","Steel Rules & Straight Edges","https://www.nooragencies.in/products/steel-rules-and-straight-edges","/products/measuring-instruments/animated/rules-blocks.png","OK","PRINT-READY","1254","1254","PNG","3","REVIEW SHARED IMAGE",""
"Measuring Instruments","Surface Roughness Testers","https://www.nooragencies.in/products/surface-roughness-testers","/products/measuring-instruments/animated/ndt-material-testing.png","OK","PRINT-READY","1254","1254","PNG","3","REVIEW SHARED IMAGE",""
"Measuring Instruments","Thickness & Coating Testers","https://www.nooragencies.in/products/thickness-and-coating-testers","/products/measuring-instruments/animated/ndt-material-testing.png","OK","PRINT-READY","1254","1254","PNG","3","REVIEW SHARED IMAGE",""
"Measuring Instruments","Thickness Gauges","https://www.nooragencies.in/products/thickness-gauges","/products/measuring-instruments/animated/indicators-gauges.png","OK","PRINT-READY","1254","1254","PNG","1","USE WEBSITE IMAGE",""
"Measuring Instruments","Vernier & Dial Calipers","https://www.nooragencies.in/products/vernier-and-dial-calipers","/products/measuring-instruments/animated/vernier-calipers.png","OK","PRINT-READY","1254","1254","PNG","1","USE WEBSITE IMAGE",""
"Packing Material","Aluminium Tar Roll","https://www.nooragencies.in/products/aluminium-tar-roll","/products/packing-materials/aluminium-tar-roll.webp","OK","PRINT-READY","1254","1254","WEBP","1","USE WEBSITE IMAGE",""
"Packing Material","Black Mulching Sheet","https://www.nooragencies.in/products/black-mulching-sheet","/products/packing-materials/black-mulching-sheet.webp","OK","PRINT-READY","1254","1254","WEBP","1","USE WEBSITE IMAGE",""
"Packing Material","Blue Packing Roll","https://www.nooragencies.in/products/blue-roll","/products/packing-materials/blue-roll.webp","OK","PRINT-READY","1254","1254","WEBP","1","USE WEBSITE IMAGE",""
"Packing Material","BOPP Packing Tape","https://www.nooragencies.in/products/bopp-tape","/products/packing-materials/bopp-tape.webp","OK","PRINT-READY","1254","1254","WEBP","1","USE WEBSITE IMAGE",""
"Packing Material","Bubble Sheet","https://www.nooragencies.in/products/bubble-sheet","/products/packing-materials/bubble-sheet.webp","OK","PRINT-READY","1254","1254","WEBP","1","USE WEBSITE IMAGE",""
"Packing Material","Fiber Mesh","https://www.nooragencies.in/products/fiber-mesh","/products/packing-materials/fiber-mesh.webp","OK","PRINT-READY","1254","1254","WEBP","1","USE WEBSITE IMAGE",""
"Packing Material","Floor Marking Tape","https://www.nooragencies.in/products/packing-floor-marking-tape","/products/packing-materials/floor-marking-tape.webp","OK","PRINT-READY","1254","1254","WEBP","1","USE WEBSITE IMAGE",""
"Packing Material","Masking Tape","https://www.nooragencies.in/products/packing-masking-tape","/products/packing-materials/masking-tape.webp","OK","PRINT-READY","1254","1254","WEBP","1","USE WEBSITE IMAGE",""
"Packing Material","PP Packing Strap","https://www.nooragencies.in/products/pp-strap","/products/packing-materials/pp-strap.webp","OK","PRINT-READY","1254","1254","WEBP","1","USE WEBSITE IMAGE",""
"Packing Material","PTFE Thread Seal Tape","https://www.nooragencies.in/products/packing-ptfe-thread-seal-tape","/products/packing-materials/teflon-tape.webp","OK","PRINT-READY","1254","1254","WEBP","1","USE WEBSITE IMAGE",""
"Packing Material","Stretch Film","https://www.nooragencies.in/products/stretch-film","/products/packing-materials/stretch-film.webp","OK","PRINT-READY","1254","1254","WEBP","1","USE WEBSITE IMAGE",""
"Packing Material","Tar Roll","https://www.nooragencies.in/products/tar-roll","/products/packing-materials/tar-roll.webp","OK","PRINT-READY","1254","1254","WEBP","1","USE WEBSITE IMAGE",""
"Packing Material","Weed Mat","https://www.nooragencies.in/products/weed-mat","/products/packing-materials/weed-mat.webp","OK","PRINT-READY","1254","1254","WEBP","1","USE WEBSITE IMAGE",""
"Packing Material","White Foam Roll","https://www.nooragencies.in/products/white-foam-roll","/products/packing-materials/white-foam-roll.webp","OK","PRINT-READY","1254","1254","WEBP","1","USE WEBSITE IMAGE",""
"Pneumatic & Brass Fittings","Air Die Grinder and Driller","https://www.nooragencies.in/products/pbf-air-die-grinder-and-driller","/products/pneumatic-brass-fittings/pbf-037.webp","OK","LOW-RES","418","418","WEBP","1","REPLACEMENT RECOMMENDED",""
"Pneumatic & Brass Fittings","Air Hammer","https://www.nooragencies.in/products/pbf-air-hammer","/products/pneumatic-brass-fittings/pbf-043.webp","OK","LOW-RES","418","418","WEBP","1","REPLACEMENT RECOMMENDED",""
"Pneumatic & Brass Fittings","Air Nailer","https://www.nooragencies.in/products/pbf-air-nailer","/products/pneumatic-brass-fittings/pbf-044.webp","OK","LOW-RES","418","418","WEBP","1","REPLACEMENT RECOMMENDED",""
"Pneumatic & Brass Fittings","Air Sander and Nailer","https://www.nooragencies.in/products/pbf-air-sander-and-nailer","/products/pneumatic-brass-fittings/pbf-038.webp","OK","LOW-RES","418","418","WEBP","1","REPLACEMENT RECOMMENDED",""
"Pneumatic & Brass Fittings","Air Screwdriver, Paint Gun, Hammer and Labour Saving Wrench","https://www.nooragencies.in/products/pbf-air-screwdriver-paint-gun-hammer-and-labour-saving-wrench","/products/pneumatic-brass-fittings/pbf-040.webp","OK","LOW-RES","418","418","WEBP","1","REPLACEMENT RECOMMENDED",""
"Pneumatic & Brass Fittings","Akari One Touch Fittings","https://www.nooragencies.in/products/pbf-akari-one-touch-fittings","/products/pneumatic-brass-fittings/pbf-035.webp","OK","LOW-RES","418","418","WEBP","1","REPLACEMENT RECOMMENDED",""
"Pneumatic & Brass Fittings","ATAM Stainless Steel Ball Valves","https://www.nooragencies.in/products/pbf-atam-stainless-steel-ball-valves","/products/pneumatic-brass-fittings/pbf-034.webp","OK","LOW-RES","418","418","WEBP","1","REPLACEMENT RECOMMENDED",""
"Pneumatic & Brass Fittings","Brass Compression Fittings","https://www.nooragencies.in/products/pbf-brass-compression-fittings","/products/pneumatic-brass-fittings/pbf-002.webp","OK","LOW-RES","418","418","WEBP","1","REPLACEMENT RECOMMENDED",""
"Pneumatic & Brass Fittings","Brass Compressor & Tyre Parts","https://www.nooragencies.in/products/pbf-brass-compressor-and-tyre-parts","/products/pneumatic-brass-fittings/pbf-007.webp","OK","LOW-RES","418","418","WEBP","1","REPLACEMENT RECOMMENDED",""
"Pneumatic & Brass Fittings","Brass Fasteners","https://www.nooragencies.in/products/pbf-brass-fasteners","/products/pneumatic-brass-fittings/pbf-001.webp","OK","LOW-RES","418","418","WEBP","1","REPLACEMENT RECOMMENDED",""
"Pneumatic & Brass Fittings","Brass Flare Fittings","https://www.nooragencies.in/products/pbf-brass-flare-fittings","/products/pneumatic-brass-fittings/pbf-008.webp","OK","LOW-RES","418","418","WEBP","1","REPLACEMENT RECOMMENDED",""
"Pneumatic & Brass Fittings","Brass Gas & Welding Parts","https://www.nooragencies.in/products/pbf-brass-gas-and-welding-parts","/products/pneumatic-brass-fittings/pbf-009.webp","OK","LOW-RES","418","418","WEBP","1","REPLACEMENT RECOMMENDED",""
"Pneumatic & Brass Fittings","Brass Grease Fittings","https://www.nooragencies.in/products/pbf-brass-grease-fittings","/products/pneumatic-brass-fittings/pbf-010.webp","OK","LOW-RES","418","418","WEBP","1","REPLACEMENT RECOMMENDED",""
"Pneumatic & Brass Fittings","Brass Hose Fittings","https://www.nooragencies.in/products/pbf-brass-hose-fittings","/products/pneumatic-brass-fittings/pbf-004.webp","OK","LOW-RES","418","418","WEBP","1","REPLACEMENT RECOMMENDED",""
"Pneumatic & Brass Fittings","Brass Pipe Fittings","https://www.nooragencies.in/products/pbf-brass-pipe-fittings","/products/pneumatic-brass-fittings/pbf-003.webp","OK","LOW-RES","418","418","WEBP","1","REPLACEMENT RECOMMENDED",""
"Pneumatic & Brass Fittings","Brass Pneumatic Fittings","https://www.nooragencies.in/products/pbf-brass-pneumatic-fittings","/products/pneumatic-brass-fittings/pbf-005.webp","OK","LOW-RES","418","418","WEBP","1","REPLACEMENT RECOMMENDED",""
"Pneumatic & Brass Fittings","Brass Valves & Cocks","https://www.nooragencies.in/products/pbf-brass-valves-and-cocks","/products/pneumatic-brass-fittings/pbf-006.webp","OK","LOW-RES","418","418","WEBP","1","REPLACEMENT RECOMMENDED",""
"Pneumatic & Brass Fittings","Cylinder Sensors & Switches","https://www.nooragencies.in/products/pbf-cylinder-sensors-and-switches","/products/pneumatic-brass-fittings/pbf-015.webp","OK","LOW-RES","418","418","WEBP","1","REPLACEMENT RECOMMENDED",""
"Pneumatic & Brass Fittings","Flow & Speed Control Valves","https://www.nooragencies.in/products/pbf-flow-and-speed-control-valves","/products/pneumatic-brass-fittings/pbf-022.webp","OK","LOW-RES","418","418","WEBP","1","REPLACEMENT RECOMMENDED",""
"Pneumatic & Brass Fittings","Foam Gun, Rivet Gun and Air Hose Reel","https://www.nooragencies.in/products/pbf-foam-gun-rivet-gun-and-air-hose-reel","/products/pneumatic-brass-fittings/pbf-039.webp","OK","LOW-RES","418","418","WEBP","1","REPLACEMENT RECOMMENDED",""
"Pneumatic & Brass Fittings","Foot Operated Valves","https://www.nooragencies.in/products/pbf-foot-operated-valves","/products/pneumatic-brass-fittings/pbf-019.webp","OK","LOW-RES","418","418","WEBP","1","REPLACEMENT RECOMMENDED",""
"Pneumatic & Brass Fittings","Impact Wrench","https://www.nooragencies.in/products/pbf-impact-wrench","/products/pneumatic-brass-fittings/pbf-036.webp","OK","LOW-RES","418","418","WEBP","1","REPLACEMENT RECOMMENDED",""
"Pneumatic & Brass Fittings","Industrial Pneumatic Valves","https://www.nooragencies.in/products/pbf-industrial-pneumatic-valves","/products/pneumatic-brass-fittings/pbf-018.webp","OK","LOW-RES","418","418","WEBP","1","REPLACEMENT RECOMMENDED",""
"Pneumatic & Brass Fittings","Industrial Quick Release Couplings","https://www.nooragencies.in/products/pbf-industrial-quick-release-couplings","/products/pneumatic-brass-fittings/pbf-031.webp","OK","LOW-RES","418","418","WEBP","1","REPLACEMENT RECOMMENDED",""
"Pneumatic & Brass Fittings","Manual & Mechanical Valves","https://www.nooragencies.in/products/pbf-manual-and-mechanical-valves","/products/pneumatic-brass-fittings/pbf-025.webp","OK","LOW-RES","418","418","WEBP","1","REPLACEMENT RECOMMENDED",""
"Pneumatic & Brass Fittings","Paint Tank","https://www.nooragencies.in/products/pbf-paint-tank","/products/pneumatic-brass-fittings/pbf-045.webp","OK","LOW-RES","418","418","WEBP","1","REPLACEMENT RECOMMENDED",""
"Pneumatic & Brass Fittings","Pneumatic Connectors & Fittings","https://www.nooragencies.in/products/pbf-pneumatic-connectors-and-fittings","/products/pneumatic-brass-fittings/pbf-013.webp","OK","LOW-RES","418","418","WEBP","1","REPLACEMENT RECOMMENDED",""
"Pneumatic & Brass Fittings","Pneumatic Cylinders & Spares","https://www.nooragencies.in/products/pbf-pneumatic-cylinders-and-spares","/products/pneumatic-brass-fittings/pbf-014.webp","OK","LOW-RES","418","418","WEBP","1","REPLACEMENT RECOMMENDED",""
"Pneumatic & Brass Fittings","Pneumatic Filters & Elements","https://www.nooragencies.in/products/pbf-pneumatic-filters-and-elements","/products/pneumatic-brass-fittings/pbf-012.webp","OK","LOW-RES","418","418","WEBP","1","REPLACEMENT RECOMMENDED",""
"Pneumatic & Brass Fittings","Pneumatic Fitting, Tube and Air Chuck","https://www.nooragencies.in/products/pbf-pneumatic-fitting-tube-and-air-chuck","/products/pneumatic-brass-fittings/pbf-042.webp","OK","LOW-RES","418","418","WEBP","1","REPLACEMENT RECOMMENDED",""
"Pneumatic & Brass Fittings","Pneumatic FRL Units","https://www.nooragencies.in/products/pbf-pneumatic-frl-units","/products/pneumatic-brass-fittings/pbf-026.webp","OK","LOW-RES","418","418","WEBP","1","REPLACEMENT RECOMMENDED",""
"Pneumatic & Brass Fittings","Pneumatic Logic & Check Valves","https://www.nooragencies.in/products/pbf-pneumatic-logic-and-check-valves","/products/pneumatic-brass-fittings/pbf-024.webp","OK","LOW-RES","418","418","WEBP","1","REPLACEMENT RECOMMENDED",""
"Pneumatic & Brass Fittings","Pneumatic Lubricators","https://www.nooragencies.in/products/pbf-pneumatic-lubricators","/products/pneumatic-brass-fittings/pbf-027.webp","OK","LOW-RES","418","418","WEBP","1","REPLACEMENT RECOMMENDED",""
"Pneumatic & Brass Fittings","Pneumatic Manifolds","https://www.nooragencies.in/products/pbf-pneumatic-manifolds","/products/pneumatic-brass-fittings/pbf-011.webp","OK","LOW-RES","418","418","WEBP","1","REPLACEMENT RECOMMENDED",""
"Pneumatic & Brass Fittings","Pneumatic Regulators","https://www.nooragencies.in/products/pbf-pneumatic-regulators","/products/pneumatic-brass-fittings/pbf-016.webp","OK","LOW-RES","418","418","WEBP","1","REPLACEMENT RECOMMENDED",""
"Pneumatic & Brass Fittings","Pneumatic Silencers","https://www.nooragencies.in/products/pbf-pneumatic-silencers","/products/pneumatic-brass-fittings/pbf-021.webp","OK","LOW-RES","418","418","WEBP","1","REPLACEMENT RECOMMENDED",""
"Pneumatic & Brass Fittings","Pneumatic Special Tool","https://www.nooragencies.in/products/pbf-pneumatic-special-tool","/products/pneumatic-brass-fittings/pbf-041.webp","OK","LOW-RES","418","418","WEBP","1","REPLACEMENT RECOMMENDED",""
"Pneumatic & Brass Fittings","Pneumatic Tubes","https://www.nooragencies.in/products/pbf-pneumatic-tubes","/products/pneumatic-brass-fittings/pbf-023.webp","OK","LOW-RES","418","418","WEBP","1","REPLACEMENT RECOMMENDED",""
"Pneumatic & Brass Fittings","Pressure Gauges","https://www.nooragencies.in/products/pbf-pressure-gauges","/products/pneumatic-brass-fittings/pbf-017.webp","OK","LOW-RES","418","418","WEBP","1","REPLACEMENT RECOMMENDED",""
"Pneumatic & Brass Fittings","Solenoid Valves & Coils","https://www.nooragencies.in/products/pbf-solenoid-valves-and-coils","/products/pneumatic-brass-fittings/pbf-020.webp","OK","LOW-RES","418","418","WEBP","1","REPLACEMENT RECOMMENDED",""
"Pneumatic & Brass Fittings","SRP Brass Ball Valves","https://www.nooragencies.in/products/pbf-srp-brass-ball-valves","/products/pneumatic-brass-fittings/pbf-032.webp","OK","LOW-RES","418","418","WEBP","1","REPLACEMENT RECOMMENDED",""
"Pneumatic & Brass Fittings","Stainless Steel Pipe Fittings","https://www.nooragencies.in/products/pbf-stainless-steel-pipe-fittings","/products/pneumatic-brass-fittings/pbf-033.webp","OK","LOW-RES","418","418","WEBP","1","REPLACEMENT RECOMMENDED",""
"Pneumatic & Brass Fittings","Techno Pneumatic Components","https://www.nooragencies.in/products/pbf-techno-pneumatic-components","/products/pneumatic-brass-fittings/pbf-029.webp","OK","LOW-RES","418","418","WEBP","1","REPLACEMENT RECOMMENDED",""
"Pneumatic & Brass Fittings","Techno Pneumatic Valves","https://www.nooragencies.in/products/pbf-techno-pneumatic-valves","/products/pneumatic-brass-fittings/pbf-030.webp","OK","LOW-RES","418","418","WEBP","1","REPLACEMENT RECOMMENDED",""
"Pneumatic & Brass Fittings","Techno Solenoid Valves","https://www.nooragencies.in/products/pbf-techno-solenoid-valves","/products/pneumatic-brass-fittings/pbf-028.webp","OK","LOW-RES","418","418","WEBP","1","REPLACEMENT RECOMMENDED",""
"Power tools","11E Breaker Chisel","https://www.nooragencies.in/products/power-tools-accessories-11e-breaker-chisel","/products/power-tools/animated/accessories/power-tools-accessories-11e-breaker-chisel.png","OK","PRINT-READY","1254","1254","PNG","1","USE WEBSITE IMAGE",""
"Power tools","2-26 Rotary Hammer Chisel","https://www.nooragencies.in/products/power-tools-accessories-2-26-rotary-hammer-chisel","/products/power-tools/animated/accessories/power-tools-accessories-2-26-rotary-hammer-chisel.png","OK","PRINT-READY","1254","1254","PNG","1","USE WEBSITE IMAGE",""
"Power tools","48V Power Tool Battery","https://www.nooragencies.in/products/48v-power-tool-battery","https://lbbmvabcirbkzagrdmwj.supabase.co/storage/v1/object/public/products/generated-na-stock/48v-power-tool-battery.png","OK","PRINT-READY","1254","1254","PNG","1","USE WEBSITE IMAGE",""
"Power tools","5Kg/7Kg Breaker Chisel","https://www.nooragencies.in/products/power-tools-accessories-5kg-7kg-breaker-chisel","/products/power-tools/animated/accessories/power-tools-accessories-5kg-7kg-breaker-chisel.png","OK","PRINT-READY","1254","1254","PNG","1","USE WEBSITE IMAGE",""
"Power tools","Ab Washers","https://www.nooragencies.in/products/power-tools-spare-parts-ab-washer","/products/power-tools/animated/spare-parts/power-tools-spare-parts-ab-washer.png","OK","USABLE","1536","1024","PNG","1","USE WEBSITE IMAGE",""
"Power tools","Abrasive Pad Scotch Brite","https://www.nooragencies.in/products/power-tools-accessories-abrasive-pad-scotch-brite","/products/power-tools/animated/accessories/power-tools-accessories-abrasive-pad-scotch-brite.png","OK","PRINT-READY","1254","1254","PNG","1","USE WEBSITE IMAGE",""
"Power tools","Air Compressors","https://www.nooragencies.in/products/air-compressor","/products/power-tools/animated/air-compressor.png","OK","PRINT-READY","1254","1254","PNG","1","USE WEBSITE IMAGE",""
"Power tools","Angle Grinders","https://www.nooragencies.in/products/angle-grinder","/products/power-tools/animated/angle-grinder.png","OK","USABLE","1448","1086","PNG","1","USE WEBSITE IMAGE",""
"Power tools","Arc Welding Machines","https://www.nooragencies.in/products/arc-welding-machine","/products/power-tools/animated/arc-welding-machine.png","OK","PRINT-READY","1254","1254","PNG","1","USE WEBSITE IMAGE",""
"Power tools","Backup Pads","https://www.nooragencies.in/products/power-tools-accessories-backup-pad","/products/power-tools/animated/accessories/power-tools-accessories-backup-pad.png","OK","PRINT-READY","1254","1254","PNG","1","USE WEBSITE IMAGE",""
"Power tools","Battery Cum Manual Sprayers","https://www.nooragencies.in/products/battery-cum-manual-sprayer","/products/power-tools/animated/battery-cum-manual-sprayer.png","OK","PRINT-READY","1254","1254","PNG","1","USE WEBSITE IMAGE",""
"Power tools","Battery Operated Sprayers","https://www.nooragencies.in/products/battery-operated-sprayer","/products/power-tools/animated/battery-operated-sprayer.png","OK","PRINT-READY","1254","1254","PNG","1","USE WEBSITE IMAGE",""
"Power tools","Battery/Cordless Impact Drilling Machines","https://www.nooragencies.in/products/battery-cordless-impact-drilling-machine","/products/power-tools/animated/battery-cordless-impact-drilling-machine.png","OK","USABLE","1448","1086","PNG","1","USE WEBSITE IMAGE",""
"Power tools","Battery/Cordless Impact Wrench","https://www.nooragencies.in/products/battery-cordless-impact-wrench","/products/power-tools/animated/battery-cordless-impact-wrench.png","OK","USABLE","1448","1086","PNG","1","USE WEBSITE IMAGE",""
"Power tools","Battery/Cordless Screwdriver Machines","https://www.nooragencies.in/products/battery-cordless-screwdriver-machine","/products/power-tools/animated/battery-cordless-screwdriver-machine.png","OK","USABLE","1448","1086","PNG","1","USE WEBSITE IMAGE",""
"Power tools","Bimetal Hole Saw","https://www.nooragencies.in/products/power-tools-accessories-bimetal-hole-saw","/products/power-tools/animated/accessories/power-tools-accessories-bimetal-hole-saw.png","OK","PRINT-READY","1254","1254","PNG","1","USE WEBSITE IMAGE",""
"Power tools","Blower","https://www.nooragencies.in/products/blower","/products/power-tools/animated/blower.png","OK","USABLE","1448","1086","PNG","1","USE WEBSITE IMAGE",""
"Power tools","Brush Cutter","https://www.nooragencies.in/products/brush-cutter","/products/power-tools/animated/brush-cutter.png","OK","PRINT-READY","1254","1254","PNG","1","USE WEBSITE IMAGE",""
"Power tools","Car Polishing Machine","https://www.nooragencies.in/products/car-polishing-machine","/products/power-tools/animated/car-polishing-machine.png","OK","PRINT-READY","1254","1254","PNG","1","USE WEBSITE IMAGE",""
"Power tools","Carbon Brushes","https://www.nooragencies.in/products/power-tools-spare-parts-carbon-brushes","/products/power-tools/animated/spare-parts/power-tools-spare-parts-carbon-brushes.png","OK","USABLE","1536","1024","PNG","1","USE WEBSITE IMAGE",""
"Power tools","Chain Saws","https://www.nooragencies.in/products/chain-saw","/products/power-tools/animated/chain-saw.png","OK","PRINT-READY","1254","1254","PNG","1","USE WEBSITE IMAGE",""
"Power tools","Chainsaw Chain","https://www.nooragencies.in/products/power-tools-accessories-chainsaw-chain","/products/power-tools/animated/accessories/power-tools-accessories-chainsaw-chain.png","OK","PRINT-READY","1254","1254","PNG","1","USE WEBSITE IMAGE",""
"Power tools","Chainsaw Chain 18""","https://www.nooragencies.in/products/power-tools-accessories-chainsaw-chain-18","/products/power-tools/animated/accessories/power-tools-accessories-chainsaw-chain-18.png","OK","PRINT-READY","1254","1254","PNG","1","USE WEBSITE IMAGE",""
"Power tools","Chainsaws","https://www.nooragencies.in/products/chainsaws","/products/power-tools/animated/chainsaws.png","OK","PRINT-READY","1254","1254","PNG","1","USE WEBSITE IMAGE",""
"Power tools","Concrete Core Bits","https://www.nooragencies.in/products/power-tools-accessories-concrete-core-bit","/products/power-tools/animated/accessories/power-tools-accessories-concrete-core-bit.png","OK","USABLE","1536","1024","PNG","1","USE WEBSITE IMAGE",""
"Power tools","Concrete Cutter","https://www.nooragencies.in/products/power-tools-accessories-concrete-cutter","/products/power-tools/animated/accessories/power-tools-accessories-concrete-cutter.png","OK","USABLE","1536","1024","PNG","1","USE WEBSITE IMAGE",""
"Power tools","Concrete Vibrator","https://www.nooragencies.in/products/concrete-vibrator","/products/power-tools/animated/concrete-vibrator.png","OK","USABLE","1448","1086","PNG","1","USE WEBSITE IMAGE",""
"Power tools","Concrete Vibrator Needle","https://www.nooragencies.in/products/concrete-vibrator-needle","https://lbbmvabcirbkzagrdmwj.supabase.co/storage/v1/object/public/products/generated-na-stock/concrete-vibrator-needle.png","OK","PRINT-READY","1254","1254","PNG","1","USE WEBSITE IMAGE",""
"Power tools","Concrete Vibrator Needle","https://www.nooragencies.in/products/power-tools-accessories-concrete-vibrator-needle","/products/power-tools/animated/accessories/power-tools-accessories-concrete-vibrator-needle.png","OK","PRINT-READY","1254","1254","PNG","1","USE WEBSITE IMAGE",""
"Power tools","Cordless Blower","https://www.nooragencies.in/products/cordless-blower","/products/power-tools/animated/cordless-blower.png","OK","USABLE","1448","1086","PNG","1","USE WEBSITE IMAGE",""
"Power tools","Cordless Brush Cutter","https://www.nooragencies.in/products/cordless-brush-cutter","/products/power-tools/animated/cordless-brush-cutter.png","OK","USABLE","1448","1086","PNG","1","USE WEBSITE IMAGE",""
"Power tools","Cordless Chainsaw","https://www.nooragencies.in/products/cordless-chainsaw","/products/power-tools/animated/cordless-chainsaw.png","OK","USABLE","1448","1086","PNG","1","USE WEBSITE IMAGE",""
"Power tools","Cordless Drilling Machines","https://www.nooragencies.in/products/cordless-drilling-machine","/products/power-tools/animated/cordless-drilling-machine.png","OK","USABLE","1448","1086","PNG","1","USE WEBSITE IMAGE",""
"Power tools","Cordless Drills","https://www.nooragencies.in/products/cordless-drill","/products/power-tools/animated/cordless-drill.png","OK","PRINT-READY","1254","1254","PNG","1","USE WEBSITE IMAGE",""
"Power tools","Cordless Leaf Blower","https://www.nooragencies.in/products/cordless-leaf-blower","https://lbbmvabcirbkzagrdmwj.supabase.co/storage/v1/object/public/products/generated-na-stock/cordless-leaf-blower.png","OK","PRINT-READY","1254","1254","PNG","1","USE WEBSITE IMAGE",""
"Power tools","Cordless Pressure Washer","https://www.nooragencies.in/products/cordless-pressure-washer","/products/power-tools/animated/cordless-pressure-washer.png","OK","USABLE","1448","1086","PNG","1","USE WEBSITE IMAGE",""
"Power tools","Cordless Pruner","https://www.nooragencies.in/products/cordless-pruner","/products/power-tools/animated/cordless-pruner.png","OK","PRINT-READY","1254","1254","PNG","1","USE WEBSITE IMAGE",""
"Power tools","Cordless Rotary Hammer","https://www.nooragencies.in/products/cordless-rotary-hammer","/products/power-tools/animated/cordless-rotary-hammer.png","OK","PRINT-READY","1254","1254","PNG","1","USE WEBSITE IMAGE",""
"Power tools","Cordless Storm Blower","https://www.nooragencies.in/products/cordless-storm-blower","/products/power-tools/animated/cordless-storm-blower.png","OK","PRINT-READY","1254","1254","PNG","1","USE WEBSITE IMAGE",""
"Power tools","Cordless Vaccum Cleaner","https://www.nooragencies.in/products/cordless-vaccum-cleaner","/products/power-tools/animated/cordless-vaccum-cleaner.png","OK","USABLE","1448","1086","PNG","1","USE WEBSITE IMAGE",""
"Power tools","Cordlss Angle Grinder","https://www.nooragencies.in/products/cordlss-angle-grinder","/products/power-tools/animated/cordlss-angle-grinder.png","OK","PRINT-READY","1254","1254","PNG","1","USE WEBSITE IMAGE",""
"Power tools","Corldess Tile Vibrator","https://www.nooragencies.in/products/corldess-tile-vibrator","/products/power-tools/animated/corldess-tile-vibrator.png","OK","PRINT-READY","1254","1254","PNG","1","USE WEBSITE IMAGE",""
"Power tools","Cut Off Wheels","https://www.nooragencies.in/products/power-tools-accessories-cut-off-wheel","/products/power-tools/animated/accessories/power-tools-accessories-cut-off-wheel.png","OK","PRINT-READY","1254","1254","PNG","1","USE WEBSITE IMAGE",""
"Power tools","Deep Hole Saw / Set","https://www.nooragencies.in/products/power-tools-accessories-deep-hole-saw-set","/products/power-tools/animated/accessories/power-tools-accessories-deep-hole-saw-set.png","OK","USABLE","1536","1024","PNG","1","USE WEBSITE IMAGE",""
"Power tools","Demolition Hammer","https://www.nooragencies.in/products/demolition-hammer","/products/power-tools/animated/demolition-hammer.png","OK","USABLE","1448","1086","PNG","1","USE WEBSITE IMAGE",""
"Power tools","Diamond Core Bit","https://www.nooragencies.in/products/power-tools-accessories-diamond-core-bit","/products/power-tools/animated/accessories/power-tools-accessories-diamond-core-bit.png","OK","PRINT-READY","1254","1254","PNG","1","USE WEBSITE IMAGE",""
"Power tools","Diamond Grinding Cup Wheels","https://www.nooragencies.in/products/power-tools-accessories-diamond-grinding-cup-wheel","/products/power-tools/animated/accessories/power-tools-accessories-diamond-grinding-cup-wheel.png","OK","PRINT-READY","1254","1254","PNG","1","USE WEBSITE IMAGE",""
"Power tools","Die Grinder Kits","https://www.nooragencies.in/products/die-grinder-kits","/products/power-tools/animated/die-grinder-kits.png","OK","PRINT-READY","1254","1254","PNG","1","USE WEBSITE IMAGE",""
"Power tools","Digital Clamp Meter","https://www.nooragencies.in/products/digital-clamp-meter","/products/power-tools/animated/digital-clamp-meter.png","OK","USABLE","1448","1086","PNG","1","USE WEBSITE IMAGE",""
"Power tools","Digital Multi Meter","https://www.nooragencies.in/products/digital-multi-meter","/products/power-tools/animated/digital-multi-meter.png","OK","USABLE","1448","1086","PNG","1","USE WEBSITE IMAGE",""
"Power tools","Drill Chuck","https://www.nooragencies.in/products/power-tools-spare-parts-drill-chuck","/products/power-tools/animated/spare-parts/power-tools-spare-parts-drill-chuck.png","OK","PRINT-READY","1254","1254","PNG","1","USE WEBSITE IMAGE",""
"Power tools","Drill Chuck Key","https://www.nooragencies.in/products/power-tools-spare-parts-drill-chuck-key","/products/power-tools/animated/spare-parts/power-tools-spare-parts-drill-chuck-key.png","OK","USABLE","1536","1024","PNG","1","USE WEBSITE IMAGE",""
"Power tools","Drilling Machines","https://www.nooragencies.in/products/drilling-machine","/products/power-tools/animated/drilling-machine.png","OK","USABLE","1448","1086","PNG","1","USE WEBSITE IMAGE",""
"Power tools","Elctric Blower","https://www.nooragencies.in/products/elctric-blower","/products/power-tools/animated/elctric-blower.png","OK","PRINT-READY","1254","1254","PNG","1","USE WEBSITE IMAGE",""
"Power tools","Electric Blower","https://www.nooragencies.in/products/electric-blower","/products/power-tools/animated/electric-blower.png","OK","USABLE","1448","1086","PNG","1","USE WEBSITE IMAGE",""
"Power tools","Electric Die Grinder","https://www.nooragencies.in/products/electric-die-grinder","/products/power-tools/animated/electric-die-grinder.png","OK","USABLE","1448","1086","PNG","1","USE WEBSITE IMAGE",""
"Power tools","Electric Drilling Machines","https://www.nooragencies.in/products/electric-drilling-machine","/products/power-tools/animated/electric-drilling-machine.png","OK","USABLE","1448","1086","PNG","1","USE WEBSITE IMAGE",""
"Power tools","Electric Glue Gun","https://www.nooragencies.in/products/electric-glue-gun","/products/power-tools/animated/electric-glue-gun.png","OK","PRINT-READY","1254","1254","PNG","1","USE WEBSITE IMAGE",""
"Power tools","Electric Jig Saw","https://www.nooragencies.in/products/electric-jig-saw","/products/power-tools/animated/electric-jig-saw.png","OK","USABLE","1448","1086","PNG","1","USE WEBSITE IMAGE",""
"Power tools","Electric Paint Sprayer","https://www.nooragencies.in/products/electric-paint-sprayer","/products/power-tools/animated/electric-paint-sprayer.png","OK","PRINT-READY","1254","1254","PNG","1","USE WEBSITE IMAGE",""
"Power tools","Electric Rotary Hammers","https://www.nooragencies.in/products/electric-rotary-hammer","/products/power-tools/animated/electric-rotary-hammer.png","OK","USABLE","1448","1086","PNG","1","USE WEBSITE IMAGE",""
"Power tools","Electric Screwdriver Sets","https://www.nooragencies.in/products/electric-screwdriver-sets","/products/power-tools/animated/electric-screwdriver-sets.png","OK","USABLE","1448","1086","PNG","1","USE WEBSITE IMAGE",""
"Power tools","Engraving Tool","https://www.nooragencies.in/products/engraving-tool","/products/power-tools/animated/engraving-tool.png","OK","USABLE","1448","1086","PNG","1","USE WEBSITE IMAGE",""
"Power tools","Fiber Disc & Accessories","https://www.nooragencies.in/products/power-tools-accessories-fiber-disc-accessory","/products/power-tools/animated/accessories/power-tools-accessories-fiber-disc-accessory.png","OK","USABLE","1536","1024","PNG","1","USE WEBSITE IMAGE",""
"Power tools","Fiber Discs","https://www.nooragencies.in/products/power-tools-accessories-fiber-disc","/products/power-tools/animated/accessories/power-tools-accessories-fiber-disc.png","OK","PRINT-READY","1254","1254","PNG","1","USE WEBSITE IMAGE",""
"Power tools","Flap Discs","https://www.nooragencies.in/products/power-tools-accessories-flap-disc","/products/power-tools/animated/accessories/power-tools-accessories-flap-disc.png","OK","PRINT-READY","1254","1254","PNG","1","USE WEBSITE IMAGE",""
"Power tools","Flexible Cutting Wheel For Stainless Steel Wa","https://www.nooragencies.in/products/power-tools-accessories-flexible-cutting-wheel-for-stainless-steel-wa","/products/power-tools/animated/accessories/power-tools-accessories-flexible-cutting-wheel-for-stainless-steel-wa.png","OK","USABLE","1536","1024","PNG","1","USE WEBSITE IMAGE",""
"Power tools","Flexible Polishing Pad Dcrf5U1Xd","https://www.nooragencies.in/products/power-tools-accessories-flexible-polishing-pad-dcrf5u1xd","/products/power-tools/animated/accessories/power-tools-accessories-flexible-polishing-pad-dcrf5u1xd.png","OK","USABLE","1536","1024","PNG","1","USE WEBSITE IMAGE",""
"Power tools","General Power Tools","https://www.nooragencies.in/products/general-power-tools","/products/power-tools/animated/general-power-tools.png","OK","PRINT-READY","1254","1254","PNG","1","USE WEBSITE IMAGE",""
"Power tools","Glue Gun","https://www.nooragencies.in/products/glue-gun","/products/power-tools/animated/glue-gun.png","OK","PRINT-READY","1254","1254","PNG","1","USE WEBSITE IMAGE",""
"Power tools","Grinding Diamond Cup Wheel","https://www.nooragencies.in/products/power-tools-accessories-grinding-diamond-cup-wheel","/products/power-tools/animated/accessories/power-tools-accessories-grinding-diamond-cup-wheel.png","OK","USABLE","1536","1024","PNG","1","USE WEBSITE IMAGE",""
"Power tools","Grinding Wheel Gc For Tile Polishing","https://www.nooragencies.in/products/power-tools-accessories-grinding-wheel-gc-for-tile-polishing","/products/power-tools/animated/accessories/power-tools-accessories-grinding-wheel-gc-for-tile-polishing.png","OK","USABLE","1536","1024","PNG","1","USE WEBSITE IMAGE",""
"Power tools","Grinding Wheels","https://www.nooragencies.in/products/power-tools-accessories-grinding-wheel","/products/power-tools/animated/accessories/power-tools-accessories-grinding-wheel.png","OK","PRINT-READY","1254","1254","PNG","1","USE WEBSITE IMAGE",""
"Power tools","Grinding Wheels Gc","https://www.nooragencies.in/products/power-tools-accessories-grinding-wheel-gc","/products/power-tools/animated/accessories/power-tools-accessories-grinding-wheel-gc.png","OK","PRINT-READY","1254","1254","PNG","1","USE WEBSITE IMAGE",""
"Power tools","Hack Saw Blade","https://www.nooragencies.in/products/power-tools-accessories-hack-saw-blade","/products/power-tools/animated/accessories/power-tools-accessories-hack-saw-blade.png","OK","USABLE","1774","887","PNG","1","USE WEBSITE IMAGE",""
"Power tools","Hammering Machines","https://www.nooragencies.in/products/hammering-machine","/products/power-tools/animated/hammering-machine.png","OK","USABLE","1448","1086","PNG","1","USE WEBSITE IMAGE",""
"Power tools","Heat Guns","https://www.nooragencies.in/products/heat-gun","/products/power-tools/animated/heat-gun.png","OK","USABLE","1448","1086","PNG","1","USE WEBSITE IMAGE",""
"Power tools","High Pressure Washer","https://www.nooragencies.in/products/high-pressure-washer","/products/power-tools/animated/high-pressure-washer.png","OK","USABLE","1448","1086","PNG","1","USE WEBSITE IMAGE",""
"Power tools","Hot Air Gun","https://www.nooragencies.in/products/hot-air-gun","/products/power-tools/animated/hot-air-gun.png","OK","PRINT-READY","1254","1254","PNG","1","USE WEBSITE IMAGE",""
"Power tools","Hss Drill Bit Sets","https://www.nooragencies.in/products/power-tools-accessories-hss-drill-bit-sets","/products/power-tools/animated/accessories/power-tools-accessories-hss-drill-bit-sets.png","OK","PRINT-READY","1254","1254","PNG","1","USE WEBSITE IMAGE",""
"Power tools","Hss Drill Gold/Black","https://www.nooragencies.in/products/power-tools-accessories-hss-drill-gold-black","/products/power-tools/animated/accessories/power-tools-accessories-hss-drill-gold-black.png","OK","USABLE","1536","1024","PNG","1","USE WEBSITE IMAGE",""
"Power tools","Jig Saw Blade","https://www.nooragencies.in/products/power-tools-accessories-jig-saw-blade","/products/power-tools/animated/accessories/power-tools-accessories-jig-saw-blade.png","OK","PRINT-READY","1254","1254","PNG","1","USE WEBSITE IMAGE",""
"Power tools","Jigsaw Blades","https://www.nooragencies.in/products/power-tools-accessories-jigsaw-blade","/products/power-tools/animated/accessories/power-tools-accessories-jigsaw-blade.png","OK","PRINT-READY","1254","1254","PNG","1","USE WEBSITE IMAGE",""
"Power tools","Laser Distance Meter","https://www.nooragencies.in/products/laser-distance-meter","/products/power-tools/animated/laser-distance-meter.png","OK","USABLE","1448","1086","PNG","1","USE WEBSITE IMAGE",""
"Power tools","Laser Level","https://www.nooragencies.in/products/laser-level","/products/power-tools/animated/laser-level.png","OK","USABLE","1448","1086","PNG","1","USE WEBSITE IMAGE",""
"Power tools","Laser Measure","https://www.nooragencies.in/products/laser-measure","/products/power-tools/animated/laser-measure.png","OK","USABLE","1448","1086","PNG","1","USE WEBSITE IMAGE",""
"Power tools","Manual Sprayer","https://www.nooragencies.in/products/manual-sprayer","/products/power-tools/animated/manual-sprayer.png","OK","PRINT-READY","1254","1254","PNG","1","USE WEBSITE IMAGE",""
"Power tools","Marble / Granite Cutter","https://www.nooragencies.in/products/marble-granite-cutter","/products/power-tools/animated/marble-granite-cutter.png","OK","PRINT-READY","1254","1254","PNG","1","USE WEBSITE IMAGE",""
"Power tools","Marble / Granite Cutter","https://www.nooragencies.in/products/power-tools-accessories-marble-granite-cutter","/products/power-tools/animated/accessories/power-tools-accessories-marble-granite-cutter.png","OK","PRINT-READY","1254","1254","PNG","1","USE WEBSITE IMAGE",""
"Power tools","Marble Cutters","https://www.nooragencies.in/products/marble-cutter","/products/power-tools/animated/marble-cutter.png","OK","USABLE","1448","1086","PNG","1","USE WEBSITE IMAGE",""
"Power tools","Marble Cutting Blades","https://www.nooragencies.in/products/power-tools-accessories-marble-cutting-blade","/products/power-tools/animated/accessories/power-tools-accessories-marble-cutting-blade.png","OK","PRINT-READY","1254","1254","PNG","1","USE WEBSITE IMAGE",""
"Power tools","Mitsuki Pressure Washer MI8","https://www.nooragencies.in/products/mitsuki-pressure-washer-mi8","https://lbbmvabcirbkzagrdmwj.supabase.co/storage/v1/object/public/products/generated-na-stock/mitsuki-pressure-washer-mi8.png","OK","PRINT-READY","1254","1254","PNG","1","USE WEBSITE IMAGE",""
"Power tools","Non Woven Polishing Wheel","https://www.nooragencies.in/products/power-tools-accessories-non-woven-polishing-wheel","/products/power-tools/animated/accessories/power-tools-accessories-non-woven-polishing-wheel.png","OK","PRINT-READY","1254","1254","PNG","1","USE WEBSITE IMAGE",""
"Power tools","Nut Bit","https://www.nooragencies.in/products/power-tools-accessories-nut-bit","/products/power-tools/animated/accessories/power-tools-accessories-nut-bit.png","OK","PRINT-READY","1254","1254","PNG","1","USE WEBSITE IMAGE",""
"Power tools","Outlet Hoses","https://www.nooragencies.in/products/power-tools-accessories-outlet-hose","/products/power-tools/animated/accessories/power-tools-accessories-outlet-hose.png","OK","PRINT-READY","1254","1254","PNG","1","USE WEBSITE IMAGE",""
"Power tools","Paint Mixer","https://www.nooragencies.in/products/paint-mixer","/products/power-tools/animated/paint-mixer.png","OK","USABLE","1448","1086","PNG","1","USE WEBSITE IMAGE",""
"Power tools","Paint Sprayer","https://www.nooragencies.in/products/paint-sprayer","/products/power-tools/animated/paint-sprayer.png","OK","USABLE","1448","1086","PNG","1","USE WEBSITE IMAGE",""
"Power tools","Petrol Sprayer Lance","https://www.nooragencies.in/products/power-tools-accessories-petrol-sprayer-lance","/products/power-tools/animated/accessories/power-tools-accessories-petrol-sprayer-lance.png","OK","PRINT-READY","1254","1254","PNG","1","USE WEBSITE IMAGE",""
"Power tools","Ph 65 Breaker Chisel","https://www.nooragencies.in/products/power-tools-accessories-ph-65-breaker-chisel","/products/power-tools/animated/accessories/power-tools-accessories-ph-65-breaker-chisel.png","OK","PRINT-READY","1254","1254","PNG","1","USE WEBSITE IMAGE",""
"Power tools","Planer Blade For Wood","https://www.nooragencies.in/products/power-tools-accessories-planer-blade-for-wood","/products/power-tools/animated/accessories/power-tools-accessories-planer-blade-for-wood.png","OK","PRINT-READY","1254","1254","PNG","1","USE WEBSITE IMAGE",""
"Power tools","Plastic Bag Sealing Machines","https://www.nooragencies.in/products/plastic-bag-sealing-machine","/products/power-tools/animated/plastic-bag-sealing-machine.png","OK","USABLE","1448","1086","PNG","1","USE WEBSITE IMAGE",""
"Power tools","Polish Pad 100Mm Gold Dcrpd4S1","https://www.nooragencies.in/products/power-tools-accessories-polish-pad-100mm-gold-dcrpd4s1","/products/power-tools/animated/accessories/power-tools-accessories-polish-pad-100mm-gold-dcrpd4s1.png","OK","USABLE","1536","1024","PNG","1","USE WEBSITE IMAGE",""
"Power tools","Polish Pad 100Mm Mirrex Dcrpd4S1","https://www.nooragencies.in/products/power-tools-accessories-polish-pad-100mm-mirrex-dcrpd4s1","/products/power-tools/animated/accessories/power-tools-accessories-polish-pad-100mm-mirrex-dcrpd4s1.png","OK","USABLE","1536","1024","PNG","1","USE WEBSITE IMAGE",""
"Power tools","Polish Pad For Granite/Marble","https://www.nooragencies.in/products/power-tools-accessories-polish-pad-for-granite-marble","/products/power-tools/animated/accessories/power-tools-accessories-polish-pad-for-granite-marble.png","OK","PRINT-READY","1254","1254","PNG","1","USE WEBSITE IMAGE",""
"Power tools","Polishing Pad","https://www.nooragencies.in/products/power-tools-accessories-polishing-pad","/products/power-tools/animated/accessories/power-tools-accessories-polishing-pad.png","OK","PRINT-READY","1254","1254","PNG","1","USE WEBSITE IMAGE",""
"Power tools","Polishing Wheels","https://www.nooragencies.in/products/power-tools-accessories-polishing-wheel","/products/power-tools/animated/accessories/power-tools-accessories-polishing-wheel.png","OK","PRINT-READY","1254","1254","PNG","1","USE WEBSITE IMAGE",""
"Power tools","Presssure Washers","https://www.nooragencies.in/products/presssure-washer","/products/power-tools/animated/presssure-washer.png","OK","PRINT-READY","1254","1254","PNG","1","USE WEBSITE IMAGE",""
"Power tools","Pressure Washer Gun Accessories","https://www.nooragencies.in/products/power-tools-accessories-pressure-washer-gun-accessory","/products/power-tools/animated/accessories/power-tools-accessories-pressure-washer-gun-accessory.png","OK","USABLE","1536","1024","PNG","1","USE WEBSITE IMAGE",""
"Power tools","Pressure Washer Outlet Hose","https://www.nooragencies.in/products/power-tools-accessories-pressure-washer-outlet-hose","/products/power-tools/animated/accessories/power-tools-accessories-pressure-washer-outlet-hose.png","OK","USABLE","1536","1024","PNG","1","USE WEBSITE IMAGE",""
"Power tools","Pressure Washers","https://www.nooragencies.in/products/pressure-washer","/products/power-tools/animated/pressure-washer.png","OK","USABLE","1448","1086","PNG","1","USE WEBSITE IMAGE",""
"Power tools","Pvc Pipe Cutter","https://www.nooragencies.in/products/power-tools-accessories-pvc-pipe-cutter","/products/power-tools/animated/accessories/power-tools-accessories-pvc-pipe-cutter.png","OK","USABLE","1536","1024","PNG","1","USE WEBSITE IMAGE",""
"Power tools","Rainbow 2000 Ceramic Black Tiles Cutter","https://www.nooragencies.in/products/power-tools-accessories-rainbow-2000-ceramic-black-tiles-cutter","/products/power-tools/animated/accessories/power-tools-accessories-rainbow-2000-ceramic-black-tiles-cutter.png","OK","PRINT-READY","1254","1254","PNG","1","USE WEBSITE IMAGE",""
"Power tools","Rainbow 2000 Marble/Granite Cutter","https://www.nooragencies.in/products/power-tools-accessories-rainbow-2000-marble-granite-cutter","/products/power-tools/animated/accessories/power-tools-accessories-rainbow-2000-marble-granite-cutter.png","OK","PRINT-READY","1254","1254","PNG","1","USE WEBSITE IMAGE",""
"Power tools","Random Orbital Sander","https://www.nooragencies.in/products/random-orbital-sander","/products/power-tools/animated/random-orbital-sander.png","OK","USABLE","1448","1086","PNG","1","USE WEBSITE IMAGE",""
"Power tools","Rotary Hammer","https://www.nooragencies.in/products/rotary-hammer","/products/power-tools/animated/rotary-hammer.png","OK","USABLE","1448","1086","PNG","1","USE WEBSITE IMAGE",""
"Power tools","Router Machines","https://www.nooragencies.in/products/router-machine","/products/power-tools/animated/router-machine.png","OK","USABLE","1448","1086","PNG","1","USE WEBSITE IMAGE",""
"Power tools","Router/Trimmer","https://www.nooragencies.in/products/router-trimmer","/products/power-tools/animated/router-trimmer.png","OK","USABLE","1448","1086","PNG","1","USE WEBSITE IMAGE",""
"Power tools","Sds Plus Bits","https://www.nooragencies.in/products/power-tools-accessories-sds-plus-bit","/products/power-tools/animated/accessories/power-tools-accessories-sds-plus-bit.png","OK","PRINT-READY","1254","1254","PNG","1","USE WEBSITE IMAGE",""
"Power tools","Soldron Soldering Irons","https://www.nooragencies.in/products/soldron-soldering-irons","/products/power-tools/animated/soldron-soldering-irons.png","OK","PRINT-READY","1254","1254","PNG","1","USE WEBSITE IMAGE",""
"Power tools","Spare Battery","https://www.nooragencies.in/products/power-tools-spare-parts-spare-battery","/products/power-tools/animated/spare-parts/power-tools-spare-parts-spare-battery.png","OK","USABLE","1536","1024","PNG","1","USE WEBSITE IMAGE",""
"Power tools","Sponge Polish Wheel","https://www.nooragencies.in/products/power-tools-accessories-sponge-polish-wheel","/products/power-tools/animated/accessories/power-tools-accessories-sponge-polish-wheel.png","OK","USABLE","1536","1024","PNG","1","USE WEBSITE IMAGE",""
"Power tools","Star Bit / Nut Bit","https://www.nooragencies.in/products/power-tools-accessories-star-bit-nut-bit","/products/power-tools/animated/accessories/power-tools-accessories-star-bit-nut-bit.png","OK","USABLE","1536","1024","PNG","1","USE WEBSITE IMAGE",""
"Power tools","Step Drill","https://www.nooragencies.in/products/power-tools-accessories-step-drill","/products/power-tools/animated/accessories/power-tools-accessories-step-drill.png","OK","PRINT-READY","1254","1254","PNG","1","USE WEBSITE IMAGE",""
"Power tools","Tct Blade For Wood","https://www.nooragencies.in/products/power-tools-accessories-tct-blade-for-wood","/products/power-tools/animated/accessories/power-tools-accessories-tct-blade-for-wood.png","OK","PRINT-READY","1254","1254","PNG","1","USE WEBSITE IMAGE",""
"Power tools","Tct Blades","https://www.nooragencies.in/products/power-tools-accessories-tct-blade","/products/power-tools/animated/accessories/power-tools-accessories-tct-blade.png","OK","PRINT-READY","1254","1254","PNG","1","USE WEBSITE IMAGE",""
"Power tools","Tct Hole Saw 10/Mm (Approx Retail Sales)","https://www.nooragencies.in/products/power-tools-accessories-tct-hole-saw-10-mm-approx-retail-sales","/products/power-tools/animated/accessories/power-tools-accessories-tct-hole-saw-10-mm-approx-retail-sales.png","OK","PRINT-READY","1254","1254","PNG","1","USE WEBSITE IMAGE",""
"Power tools","Tct Saw Blades","https://www.nooragencies.in/products/power-tools-accessories-tct-saw-blade","/products/power-tools/animated/accessories/power-tools-accessories-tct-saw-blade.png","OK","PRINT-READY","1254","1254","PNG","1","USE WEBSITE IMAGE",""
"Power tools","Thermal Foggers","https://www.nooragencies.in/products/thermal-fogger","/products/power-tools/animated/thermal-fogger.png","OK","PRINT-READY","1254","1254","PNG","1","USE WEBSITE IMAGE",""
"Power tools","Tig Welding Machines","https://www.nooragencies.in/products/tig-welding-machine","/products/power-tools/animated/tig-welding-machine.png","OK","PRINT-READY","1254","1254","PNG","1","USE WEBSITE IMAGE",""
"Power tools","Tile Vibrator Machine Cordless","https://www.nooragencies.in/products/tile-vibrator-machine-cordless","/products/power-tools/animated/tile-vibrator-machine-cordless.png","OK","PRINT-READY","1254","1254","PNG","1","USE WEBSITE IMAGE",""
"Power tools","Tiles Cutting Blades","https://www.nooragencies.in/products/power-tools-accessories-tiles-cutting-blade","/products/power-tools/animated/accessories/power-tools-accessories-tiles-cutting-blade.png","OK","PRINT-READY","1254","1254","PNG","1","USE WEBSITE IMAGE",""
"Power tools","Tuqo Foam Lance","https://www.nooragencies.in/products/power-tools-accessories-tuqo-foam-lance","/products/power-tools/animated/accessories/power-tools-accessories-tuqo-foam-lance.png","OK","USABLE","1536","1024","PNG","1","USE WEBSITE IMAGE",""
"Power tools","Tuqo Pressure Washer","https://www.nooragencies.in/products/tuqo-pressure-washer","https://lbbmvabcirbkzagrdmwj.supabase.co/storage/v1/object/public/products/generated-na-stock/tuqo-pressure-washer.png","OK","PRINT-READY","1254","1254","PNG","1","USE WEBSITE IMAGE",""
"Power tools","Tuqo Washer Fluids","https://www.nooragencies.in/products/power-tools-accessories-tuqo-washer-fluids","/products/power-tools/animated/accessories/power-tools-accessories-tuqo-washer-fluids.png","OK","USABLE","1536","1024","PNG","1","USE WEBSITE IMAGE",""
"Power tools","Vaccum Cleaners","https://www.nooragencies.in/products/vaccum-cleaner","/products/power-tools/animated/vaccum-cleaner.png","OK","USABLE","1448","1086","PNG","1","USE WEBSITE IMAGE",""
"Power tools","Velcro Disc","https://www.nooragencies.in/products/power-tools-accessories-velcro-disc","/products/power-tools/animated/accessories/power-tools-accessories-velcro-disc.png","OK","USABLE","1536","1024","PNG","1","USE WEBSITE IMAGE",""
"Power tools","Velcro Disc 5"" Yellow","https://www.nooragencies.in/products/power-tools-accessories-velcro-disc-5-yellow","/products/power-tools/animated/accessories/power-tools-accessories-velcro-disc-5-yellow.png","OK","PRINT-READY","1254","1254","PNG","1","USE WEBSITE IMAGE",""
"Power tools","Velcro Disc 6""Brown","https://www.nooragencies.in/products/power-tools-accessories-velcro-disc-6-brown","/products/power-tools/animated/accessories/power-tools-accessories-velcro-disc-6-brown.png","OK","PRINT-READY","1254","1254","PNG","1","USE WEBSITE IMAGE",""
"Power tools","Vibrator Needle","https://www.nooragencies.in/products/power-tools-accessories-vibrator-needle","/products/power-tools/animated/accessories/power-tools-accessories-vibrator-needle.png","OK","USABLE","1536","1024","PNG","1","USE WEBSITE IMAGE",""
"Power tools","Wall Cutting Wheels","https://www.nooragencies.in/products/power-tools-accessories-wall-cutting-wheel","/products/power-tools/animated/accessories/power-tools-accessories-wall-cutting-wheel.png","OK","PRINT-READY","1254","1254","PNG","1","USE WEBSITE IMAGE",""
"Power tools","Wood Circular Saw 7""","https://www.nooragencies.in/products/wood-circular-saw-7","/products/power-tools/animated/wood-circular-saw-7.png","OK","USABLE","1448","1086","PNG","1","USE WEBSITE IMAGE",""
"Ropes","Brown Polypropylene Rope","https://www.nooragencies.in/products/brown-polypropylene-rope","/products/ropes/brown-polypropylene-rope.png","OK","PRINT-READY","1254","1254","PNG","1","USE WEBSITE IMAGE",""
"Ropes","White Polyester Rope","https://www.nooragencies.in/products/white-polyester-rope","/products/ropes/white-polyester-rope.png","OK","PRINT-READY","1254","1254","PNG","1","USE WEBSITE IMAGE",""
"Ropes","Yellow Polypropylene Rope","https://www.nooragencies.in/products/yellow-polypropylene-rope","/products/ropes/yellow-polypropylene-rope.png","OK","PRINT-READY","1254","1254","PNG","1","USE WEBSITE IMAGE",""
"Safety products","Cotton Gloves","https://www.nooragencies.in/products/cotton-gloves","https://lbbmvabcirbkzagrdmwj.supabase.co/storage/v1/object/public/products/generated-na-stock/cotton-gloves.png","OK","PRINT-READY","1254","1254","PNG","1","USE WEBSITE IMAGE",""
"Safety products","Disposable Head Cap","https://www.nooragencies.in/products/disposable-head-cap","https://lbbmvabcirbkzagrdmwj.supabase.co/storage/v1/object/public/products/generated-na-stock/disposable-head-cap.png","OK","PRINT-READY","1254","1254","PNG","1","USE WEBSITE IMAGE",""
"Safety products","Disposable Mask","https://www.nooragencies.in/products/disposable-mask","https://lbbmvabcirbkzagrdmwj.supabase.co/storage/v1/object/public/products/generated-na-stock/disposable-mask.png","OK","PRINT-READY","1254","1254","PNG","1","USE WEBSITE IMAGE",""
"Safety products","Welding Gloves","https://www.nooragencies.in/products/welding-gloves-bright-red","https://lbbmvabcirbkzagrdmwj.supabase.co/storage/v1/object/public/products/generated-na-stock/welding-gloves-bright-red.png","OK","PRINT-READY","1254","1254","PNG","1","USE WEBSITE IMAGE",""
"Shade nets","Fence net","https://www.nooragencies.in/products/fence-net","https://lbbmvabcirbkzagrdmwj.supabase.co/storage/v1/object/public/products/fencenet.jpg","OK","LOW-RES","466","466","JPEG","1","REPLACEMENT RECOMMENDED",""
"Shade nets","Shadenet","https://www.nooragencies.in/products/shade-net","https://lbbmvabcirbkzagrdmwj.supabase.co/storage/v1/object/public/products/shadenet.jpg","OK","BORDERLINE","679","679","JPEG","1","REVIEW / REPLACE IF AVAILABLE",""
"Tapes","Acrylic foam tape","https://www.nooragencies.in/products/acrylic-foam-tape","https://lbbmvabcirbkzagrdmwj.supabase.co/storage/v1/object/public/products/1783418697988-foam%20tape.jpg","OK","BORDERLINE","522","522","JPEG","1","REVIEW / REPLACE IF AVAILABLE",""
"Tapes","Aluminium Foil Tape","https://www.nooragencies.in/products/aluminium-foil-tape","https://lbbmvabcirbkzagrdmwj.supabase.co/storage/v1/object/public/products/1783418823583-foil%20tape.jpg","OK","BORDERLINE","522","522","JPEG","1","REVIEW / REPLACE IF AVAILABLE",""
"Tapes","Anti Skid Tape","https://www.nooragencies.in/products/anti-skid-tape","https://lbbmvabcirbkzagrdmwj.supabase.co/storage/v1/object/public/products/1783419089299-anti%20skid%20tape.jpg","OK","BORDERLINE","522","522","JPEG","1","REVIEW / REPLACE IF AVAILABLE",""
"Tapes","Bob Tape","https://www.nooragencies.in/products/bob-tape","https://lbbmvabcirbkzagrdmwj.supabase.co/storage/v1/object/public/products/1783419374531-bob%20tape.jpg","OK","BORDERLINE","522","522","JPEG","1","REVIEW / REPLACE IF AVAILABLE",""
"Tapes","Butyl Tape","https://www.nooragencies.in/products/butyl-tape","https://lbbmvabcirbkzagrdmwj.supabase.co/storage/v1/object/public/products/1783419251208-butyl%20tape.jpg","OK","LOW-RES","522","461","JPEG","1","REPLACEMENT RECOMMENDED",""
"Tapes","Double side Foam tape","https://www.nooragencies.in/products/double-side-foam-tape","https://lbbmvabcirbkzagrdmwj.supabase.co/storage/v1/object/public/products/1783419586963-double%20side%20foam%20tape.jpg","OK","LOW-RES","522","495","JPEG","1","REPLACEMENT RECOMMENDED",""
"Tapes","Double side Polyester tape","https://www.nooragencies.in/products/double-side-polyester-tape","https://lbbmvabcirbkzagrdmwj.supabase.co/storage/v1/object/public/products/1783419760363-polyester%20double%20side.jpg","OK","BORDERLINE","522","522","JPEG","1","REVIEW / REPLACE IF AVAILABLE",""
"Tapes","Duct Tape","https://www.nooragencies.in/products/duct-tape","https://lbbmvabcirbkzagrdmwj.supabase.co/storage/v1/object/public/products/1783419848233-duct%20tape.jpg","OK","BORDERLINE","522","522","JPEG","1","REVIEW / REPLACE IF AVAILABLE",""
"Tapes","Fiber Mesh Tape","https://www.nooragencies.in/products/fiber-mesh-tape","https://lbbmvabcirbkzagrdmwj.supabase.co/storage/v1/object/public/products/1783419970920-fiber%20mesh%20tape.jpg","OK","BORDERLINE","522","519","JPEG","1","REVIEW / REPLACE IF AVAILABLE",""
"Tapes","Floor Marking Tape","https://www.nooragencies.in/products/floor-marking-tape","https://lbbmvabcirbkzagrdmwj.supabase.co/storage/v1/object/public/products/1783420080562-floor%20marking%20tape.jpg","OK","BORDERLINE","522","522","JPEG","1","REVIEW / REPLACE IF AVAILABLE",""
"Tapes","Floor Protection Tape","https://www.nooragencies.in/products/floor-protection-tape","https://lbbmvabcirbkzagrdmwj.supabase.co/storage/v1/object/public/products/1783420254520-floor%20protection%20tape.jpg","OK","BORDERLINE","522","522","JPEG","1","REVIEW / REPLACE IF AVAILABLE",""
"Tapes","Insulation Tape","https://www.nooragencies.in/products/insulation-tape","https://lbbmvabcirbkzagrdmwj.supabase.co/storage/v1/object/public/products/1783420538636-insulation%20tape.jpg","OK","BORDERLINE","522","522","JPEG","1","REVIEW / REPLACE IF AVAILABLE",""
"Tapes","Masking Tape","https://www.nooragencies.in/products/masking-tape","https://lbbmvabcirbkzagrdmwj.supabase.co/storage/v1/object/public/products/1783420695104-masking%20tape.jpg","OK","BORDERLINE","522","522","JPEG","1","REVIEW / REPLACE IF AVAILABLE",""
"Tapes","Reflective Tape","https://www.nooragencies.in/products/reflective-tape","https://lbbmvabcirbkzagrdmwj.supabase.co/storage/v1/object/public/products/1783420840003-reflection%20tape.jpg","OK","LOW-RES","522","392","JPEG","1","REPLACEMENT RECOMMENDED",""
"Tapes","Rubber Compound Tape","https://www.nooragencies.in/products/rubber-compound-tape","https://lbbmvabcirbkzagrdmwj.supabase.co/storage/v1/object/public/products/generated-na-stock/rubber-compound-tape.png","OK","PRINT-READY","1254","1254","PNG","1","USE WEBSITE IMAGE",""
"Tapes","Single Side Foam Tape","https://www.nooragencies.in/products/single-side-foam-tape","https://lbbmvabcirbkzagrdmwj.supabase.co/storage/v1/object/public/products/1783421041303-single%20side%20foam%20tape.jpg","OK","BORDERLINE","679","679","JPEG","1","REVIEW / REPLACE IF AVAILABLE",""
"Tapes","Teflon Tape","https://www.nooragencies.in/products/teflon-tape","https://lbbmvabcirbkzagrdmwj.supabase.co/storage/v1/object/public/products/1783421144032-teflon%20tape.jpg","OK","BORDERLINE","679","679","JPEG","1","REVIEW / REPLACE IF AVAILABLE",""
"Tapes","Velcro tape","https://www.nooragencies.in/products/velcro-tape","https://lbbmvabcirbkzagrdmwj.supabase.co/storage/v1/object/public/products/1783421239003-velcro%20tape.jpg","OK","BORDERLINE","679","679","JPEG","1","REVIEW / REPLACE IF AVAILABLE",""
"Tarpaulins","Tarpaulin HDPE","https://www.nooragencies.in/products/hdpe-tarpaulin","https://lbbmvabcirbkzagrdmwj.supabase.co/storage/v1/object/public/products/tarp_hdpe.jpg","OK","BORDERLINE","679","679","JPEG","1","REVIEW / REPLACE IF AVAILABLE",""
"Tarpaulins","Tarpaulin PVC Nylon","https://www.nooragencies.in/products/pvc-nylon-tarpaulin","https://lbbmvabcirbkzagrdmwj.supabase.co/storage/v1/object/public/products/tarp_nylon.jpg","OK","LOW-RES","230","219","JPEG","1","REPLACEMENT RECOMMENDED",""
"Valves & Watering Equipment","Black Nozzle Water Gun","https://www.nooragencies.in/products/black-nozzle-water-gun","https://lbbmvabcirbkzagrdmwj.supabase.co/storage/v1/object/public/products/generated-na-stock/black-nozzle-water-gun.png","OK","PRINT-READY","1254","1254","PNG","1","USE WEBSITE IMAGE",""
"Valves & Watering Equipment","Brass Ball Valve","https://www.nooragencies.in/products/brass-ball-valve","https://lbbmvabcirbkzagrdmwj.supabase.co/storage/v1/object/public/products/generated-na-stock/brass-ball-valve.png","OK","PRINT-READY","1254","1254","PNG","1","USE WEBSITE IMAGE",""
"Valves & Watering Equipment","Brass Foot Valve","https://www.nooragencies.in/products/brass-foot-valve","https://lbbmvabcirbkzagrdmwj.supabase.co/storage/v1/object/public/products/generated-na-stock/brass-foot-valve.png","OK","PRINT-READY","1254","1254","PNG","1","USE WEBSITE IMAGE",""
"Valves & Watering Equipment","Brass Non-Return Valve","https://www.nooragencies.in/products/brass-non-return-valve","https://lbbmvabcirbkzagrdmwj.supabase.co/storage/v1/object/public/products/generated-na-stock/brass-non-return-valve.png","OK","PRINT-READY","1254","1254","PNG","1","USE WEBSITE IMAGE",""
"Valves & Watering Equipment","CI Ball Valve","https://www.nooragencies.in/products/ci-ball-valve","https://lbbmvabcirbkzagrdmwj.supabase.co/storage/v1/object/public/products/generated-na-stock/ci-ball-valve.png","OK","PRINT-READY","1254","1254","PNG","1","USE WEBSITE IMAGE",""
"Valves & Watering Equipment","Green Brass Head Water Gun","https://www.nooragencies.in/products/green-brass-head-water-gun","https://lbbmvabcirbkzagrdmwj.supabase.co/storage/v1/object/public/products/generated-na-stock/green-brass-head-water-gun.png","OK","PRINT-READY","1254","1254","PNG","1","USE WEBSITE IMAGE",""
"Valves & Watering Equipment","Hose Quick Release Coupling","https://www.nooragencies.in/products/hose-quick-release-coupling","https://lbbmvabcirbkzagrdmwj.supabase.co/storage/v1/object/public/products/generated-na-stock/hose-quick-release-coupling.png","OK","PRINT-READY","1254","1254","PNG","1","USE WEBSITE IMAGE",""
"Valves & Watering Equipment","Metal Water Spray Gun","https://www.nooragencies.in/products/metal-water-spray-gun","https://lbbmvabcirbkzagrdmwj.supabase.co/storage/v1/object/public/products/generated-na-stock/metal-water-spray-gun.png","OK","PRINT-READY","1254","1254","PNG","1","USE WEBSITE IMAGE",""
"Valves & Watering Equipment","Mini Brass Ball Valve","https://www.nooragencies.in/products/mini-brass-ball-valve","https://lbbmvabcirbkzagrdmwj.supabase.co/storage/v1/object/public/products/generated-na-stock/mini-brass-ball-valve.png","OK","PRINT-READY","1254","1254","PNG","1","USE WEBSITE IMAGE",""
"Valves & Watering Equipment","Plastic 8-Pattern Water Gun","https://www.nooragencies.in/products/plastic-8-pattern-water-gun","https://lbbmvabcirbkzagrdmwj.supabase.co/storage/v1/object/public/products/generated-na-stock/plastic-8-pattern-water-gun.png","OK","PRINT-READY","1254","1254","PNG","1","USE WEBSITE IMAGE",""
"Valves & Watering Equipment","Pro Cut Water Gun","https://www.nooragencies.in/products/pro-cut-water-gun","https://lbbmvabcirbkzagrdmwj.supabase.co/storage/v1/object/public/products/generated-na-stock/pro-cut-water-gun.png","OK","PRINT-READY","1254","1254","PNG","1","USE WEBSITE IMAGE",""
"Valves & Watering Equipment","PVC Pasted Ball Valve","https://www.nooragencies.in/products/pvc-pasted-ball-valve","https://lbbmvabcirbkzagrdmwj.supabase.co/storage/v1/object/public/products/generated-na-stock/pvc-pasted-ball-valve.png","OK","PRINT-READY","1254","1254","PNG","1","USE WEBSITE IMAGE",""